BPRBZZ,74
ERLA42,12
V0A414,81
UVPZTX,70
EON8IG,87
RWZOCE,14
8S0ZZG,65
HXUNUV,75
H80F65,79
PRX4WA,43
CKKIOQ,58
TD8ZBW,33
W4Y45L,0
335WB3,2
KO1MT7,90
FO1KUE,44
INGZCX,29
J9AVV4,89
7PL8FK,57
QFLMK7,72
DOP0J2,42
KJYRG3,84
SH6DJS,98
XMHWMM,69
FAA20A,83
544XQS,57
ZWXYEC,12
DU5WNS,26
E9NAN3,31
4RNQ36,8
D7RN1Z,29
05QJFW,65
9LNCSS,22
OJOISK,74
I9PHQ2,1
T2AQUG,8
7PJGNN,77
H1152P,87
UU4C2V,98
W3TDI9,13
NCPLE5,13
MMXOLA,74
ULHIUH,60
38S8DV,35
M39S2Q,75
VG1MXU,2
XKB572,1
DOU0HI,47
6RDZUQ,57
I9P8KQ,79
0989HX,97
KLL15O,15
PRR0PZ,56
5D9BK8,79
4P2TNG,95
ZW1J72,57
LHFHDV,41
DZZKDW,55
DIMJOM,82
N13AQU,25
4TZ5PN,1
JFNNOL,25
5ED5RU,79
7XDB9W,65
TP109G,36
50A3O8,66
28J9QF,13
WUQYXU,69
0L7YQD,67
C3Q2OD,81
8MV8TE,25
GW2J8F,42
PW5E88,73
GE25TP,1
6ODYRU,9
I96VOP,68
NA2ONR,12
ND2SJ0,63
8FH5E9,87
C2T1BG,54
FX48KE,65
9NJN4M,6
12TSE9,58
9G9O88,89
7R1YT3,18
YV5TGO,4
LREI8C,5
J2TJN2,27
4S4XHL,1
461KPK,45
6M4D5S,43
ME4ONT,31
S5SQ25,0
UVOS4X,83
8LMO1P,93
2F9E45,22
5E7IZD,65
HRX9L8,15
X6R6R4,31
O1FVPH,58
HCZBHZ,14
LU1NB5,86
GGH3R7,83
30L5FX,67
SSFZVS,79
YVRIK1,23
7F8QV5,90
QEJ14C,8
YDLX2A,32
E1DZJB,83
ILZMCO,25
EEV06U,81
UPQZXD,79
OGHG5I,71
MAVOU8,34
NDGRW0,51
PRC8H8,56
IAMQ73,25
F2XX26,5
N0ZULO,71
NM4XGV,74
RGETJL,19
GL9537,67
U827K3,41
TNS095,43
HJM9VU,14
FHKKQ4,80
GW4LBO,41
MG7BK6,82
KMLC3S,80
DTNBB7,49
CBOE84,52
EO5R5S,10
J8ZYMW,53
XMVBUG,6
WKL1X0,39
3XEFWW,79
866421,23
J6RZF4,80
8MLCJQ,9
P2SQXL,83
XDF6Q2,7
LOEP8T,86
NN4N2N,84
V10KE3,19
IALB4R,92
J68USD,45
NM2E1U,78
RL0B9W,20
X1XQZY,63
AO0R76,19
1NKHW5,83
AIC4DR,96
BO9R3Z,98
EOWWV0,53
KKD96A,21
9S1FHU,30
L151J0,55
3WG15A,79
37OQFI,31
O2A0BR,32
U88F8H,97
SF37TJ,62
CR5W7A,61
F4GWJZ,95
7QZKNW,75
B5IAR3,44
CSETX9,51
QCGYR5,16
G6XQFV,26
4RKNOA,80
AQOL3Y,44
7DNQN9,35
TIP61V,13
M23Q54,43
D2DT6L,43
LN0QHS,50
Z0SQNC,47
QJ5ZKC,47
RNS874,98
OOEJYY,63
NK6W7A,48
B6NTN3,31
5E05I8,21
Y6B7M6,72
F7174J,62
WRZ98U,47
HAG4CW,19
7NSOYO,2
WKHRHC,12
R3ZSAD,31
PV1IQL,70
DGZQ6J,36
RN1Y56,63
601TTK,94
BUI70X,73
QVTKRR,17
7QXVXJ,58
F9HF00,70
Y30IWP,15
RAUPWZ,83
QI6LYC,33
ZF9R5P,74
OXK5EY,0
02QCCX,94
HMHQ0E,43
WEQWMH,16
3QYKB6,33
64ZLVB,35
35MQ3Q,54
MH4PST,53
3LPX9F,27
622N5R,68
ASC3KK,88
TWK75V,77
AISTEU,16
YZTF04,49
4EBKOI,25
WS1D3D,7
W1FZOZ,8
9TGWSB,73
BRY08J,74
2C9C6V,49
8Y32N4,27
7LPAMX,12
WB4AK1,54
JRN17J,63
5U3IKR,27
XO3WR9,45
XX70VC,75
51JAZD,50
7TS9NO,44
5GWPOP,19
4HF55L,18
48IKMH,13
4G6O5W,57
S31GCY,72
RPWPWP,32
O2RSZA,57
AJLB3N,46
4K8N67,14
PATKDS,9
GZSRSW,51
YRM7OT,19
EMPXMH,96
TLOUBZ,58
PCTUMI,39
0ETSRH,68
S6FO9T,40
RGZIIM,25
4L07UL,20
RSFA3L,38
FDUKVR,3
WQX5QQ,4
8Q480L,95
V054US,59
5K3AIT,43
QRQVCB,52
TP86HS,79
8Q4R9P,25
HSU5CS,22
QY2YZO,91
8RCM6X,6
9HWBYK,80
KF7FF7,37
WGXM1A,38
UDX0TA,15
H8ADC3,67
UQFW6V,40
1YHA4P,76
8S6BGM,75
KE292U,79
YYT2SE,24
DW3F1F,23
M0BVWR,21
0VCVKM,10
KSKYU0,77
A14X7L,41
9F8AI9,14
95FLE6,8
KQ19VK,80
BPUTDF,40
DMA6E9,78
42TTHG,62
MORWST,60
JG5S8K,90
W4D3RK,10
PIA9IQ,93
B4N1MU,88
15O9KA,20
8RV8MG,64
FV1S4Y,1
4TTIKW,32
9DY4P0,30
INP8I1,11
DMBPQ0,4
8IFL9U,65
3BS617,12
FBODQ9,26
4C3IJM,12
WMI94Q,47
01EY3T,19
RISSM6,88
F9SKK9,38
Z0RPFE,41
II64KW,96
US9I5W,69
LQBGUC,51
IVHD2P,21
4VPB79,58
8TV3CA,88
V16QRW,11
E8T5NA,42
NH6ZWE,36
CENC4C,72
9ANNCW,92
MJJ51J,13
UWI3PK,81
EBV1DU,1
1PP7P3,76
UD3IEV,18
ISZ7PC,88
TK49P9,17
1KQMGU,48
GYOANK,41
0806IU,99
EFT0XL,27
NOCUI1,39
DYU0JO,56
8224Z0,2
C82221,58
ZWLJ6P,64
084XEK,75
OFOMCY,30
QGY92G,39
AEWX2V,74
SMJZGA,11
5JNLC9,18
7FY1V4,61
HD0FI2,67
18WMWM,53
2WXJS6,46
2XZYZS,95
5I5RIE,62
3CK0BF,54
U91CEO,44
0AJXDX,69
FDZ9LF,29
88BSUD,70
GGLENI,25
D6RIH9,62
HA889U,28
5UKN3F,98
JVDTGK,71
WGV1EX,40
P1HW16,26
OGTB15,86
0SY77S,89
MUAVBX,11
3PY6YT,33
X4L8A4,68
UD8WHB,89
H8O2Y4,38
OCPN4B,34
C01UGU,76
IJ64CL,21
C9L89Z,42
P0QW3S,34
HTQGKN,46
G4TSPL,21
OQIJ5R,52
9MXOUD,64
F5KIEY,78
L3FPKM,97
VXYCEP,56
ZMHAWS,72
XI2ZLH,6
NHRTDH,37
XV1AA0,28
GH58BP,50
HFK4VU,19
I4Q38U,12
9ZCLC0,67
KT4NKM,29
4G03V1,94
NC0B72,2
74BI13,31
H5YKO5,57
VLL04C,32
3FQ6DQ,60
3GTT4B,76
F1LJDG,76
X4JUCF,68
X4NFSD,98
2Z1PQT,55
DYCNQO,61
U11MY3,26
YAVPUE,40
9V4UXF,86
655Y8P,57
KWAX76,47
4BUPCV,25
LN0IT3,34
03WVQS,69
V2XJFS,25
PIGHWD,32
35XNGF,31
2MLOFF,87
OFRN8M,41
CZK98K,62
5ZHCNH,95
HANQTZ,9
18IFPM,86
UFR24E,44
0DD23I,52
V9KPFC,47
5TB5I3,22
0SYNU9,43
UNMISZ,88
593Y6G,97
GCUPTQ,28
A6F5S1,94
3VRG4X,88
1M1HOU,84
EDJRNC,67
UJXBWE,33
KY2QF6,40
GN2C67,45
EJKJ13,65
O5QJ3S,64
4WS6AD,60
XV51KO,65
CCHW2Y,50
NAVMC5,38
EUGUZP,4
30JGOJ,67
791PN6,60
3X75T8,47
FOJJ8B,85
WUHENY,30
CXVLIQ,68
1291D8,45
G3WDI7,94
S5NP1A,89
56NGXZ,94
R32HW7,56
XN84EI,22
YACYGT,84
8FAY9P,1
5I5ZI3,87
9RAIAD,60
JRSAMS,91
C890I8,24
ZYMJ2T,74
RSOCYZ,60
KIAWM9,49
WVSBNQ,72
GVJLVG,65
R52H0A,3
3RWQDH,20
C086P7,11
OWCFTP,16
FUFVRT,99
4DJ8VC,71
WWH75C,63
Q19CON,55
WD0CIX,32
TB6879,67
RKPBHV,49
QTUYIA,13
B2YYYJ,49
71SZBG,36
TGA8EC,2
DX0MDE,41
5TV8FY,12
9W5XMM,79
N0D2Y4,78
UOS2CR,37
973WP7,88
S1SPR9,72
SJRAKE,1
RUV2QK,5
8LYME3,13
1XBOV4,68
I7N5UK,67
UDGPN0,18
0INK5O,63
PQBLT0,32
LYQ44M,89
3E0TFH,90
4N4TJW,38
HXZDE1,93
VXMZYP,85
FSYV3R,66
W34DH4,5
8D6H40,96
R1WEGQ,79
EFJJKD,24
ROTNOU,58
N6KO6E,20
9CD7RG,13
OJ0Y1S,55
2QU2JI,27
J9A7MQ,90
BYEHMB,35
FE6QW6,55
9Y4O2T,9
R4Y56J,82
3XBQNN,99
ERDPYO,89
SHGAOX,28
IC3QOH,75
WYKIHM,91
0VEQV2,51
JAQ5RH,76
QKNXG0,75
J3OV91,11
IOFC1W,95
Y7SHQM,89
P79Y8U,36
WGUJZ4,41
YEOICG,76
9UXNQS,41
XVAMLC,99
M8LT92,62
2BW4PM,62
VXZRE2,72
V1PH3H,40
00LJNQ,49
C0RO69,67
DFXG4Q,78
IJZRZA,73
WYVCBM,73
LEY0KI,89
Q358W2,37
ZGSGPV,9
LN4ZSW,23
5W511P,26
3SEE02,38
3KXF2O,58
L1LH5S,90
OHUXXC,39
YJCMV9,10
8BLQZN,86
EKGRHK,8
7EASIA,63
I7AGIR,72
9X1QOG,56
TCBG76,41
9DGAD8,0
CW195W,57
8WFN94,77
Z2A4VN,78
TZT0GQ,39
4KMKF1,89
BDZI39,10
NX1CHI,92
NB59SJ,88
G36NOT,99
6CVMM2,36
24WRPP,89
CK0E6W,49
8V4FQ4,32
NVMHEU,39
6LW2ON,86
SZFOEX,46
I5BL8W,49
TKM0O8,78
6H1LWC,34
PI5JW2,15
J6CSGZ,44
65GGIR,95
U3BIIG,66
WIQIEM,9
TH9KPG,26
8XWQK5,0
0ELD3A,18
A11DLF,40
YBV8V4,76
2OUY3L,37
HFN38O,8
F9D1QQ,98
FKX0ND,87
48D7QO,12
SFOJDG,87
ZWCY0M,76
DO6NTV,70
44IRKV,67
RF9V68,44
8RIXZD,44
TU6MYR,16
K7M6MN,87
95N01H,27
PVQH5E,71
RNDLS8,50
FZ97ET,59
UEN0NK,63
LJHJF2,38
E656II,67
FPHIEA,69
4XG0ZS,60
2CT9GB,48
J9OJI8,97
SPYR85,14
7FXXJE,26
1IRBHJ,48
YDFUOA,50
O64DQU,56
PXQBNC,84
K701KR,0
TVCMX9,24
8ZRFFN,63
2NI0RB,66
VNAFBX,76
QWN138,6
H52LP8,33
LX08N1,77
GWFJXE,7
V9K2ZV,99
ZI1F3C,5
65CD70,96
P1QXW3,93
W624BT,73
GZ3SAA,97
641BR9,79
E6OKF6,0
TR7Y02,19
9DV7FH,92
XC25ZH,37
N8K603,48
AMWHTK,65
9DRZSE,72
U6SKJL,73
C8VYJB,51
17AQ5C,98
E52DC0,26
45J9AD,13
SZBMSU,1
NHD96M,80
GF880V,24
POAKUE,84
S2GKRI,73
QCBTYB,23
MYL6EL,91
M7M927,36
P603B3,4
YYZYKV,82
JNEITO,35
VMZLGD,22
BVI80E,40
JQ9CT4,6
1M8CBS,66
Z0BX1H,24
8WUVXU,85
RFX1P6,75
RJ6AGE,10
ZMWQNJ,38
WTB4LR,46
UMXEK4,50
1YE575,35
7U59UE,45
80U98W,64
CGNDK8,91
MXP5C5,41
B6LK5E,24
YRT8OL,15
61O4R8,28
ECPHQZ,34
3KN5BF,93
905ST3,10
DETUC9,93
Z0149N,95
PUIYQJ,33
QIUHWR,94
VXC78N,1
K31W6H,93
ONRJTZ,44
4KF5YU,17
K1LYX0,58
P9W6W4,95
2Z613I,11
8SJ0ER,54
KNXYKS,71
9JOR01,53
LAZF0G,71
4ISPHE,79
1VQBPP,36
6N6WUD,77
3RJQHS,83
LHZX29,62
XAICW9,49
NR6SHT,69
19PUKQ,43
ABCSVX,68
4ZXDF0,71
TNPRWK,47
K97W8J,81
VG8ZCE,43
HQCH2Z,52
X7WDFY,97
PE64QP,80
9NSR0E,51
L54CJ2,49
CLAETN,48
4VO9SW,13
0QKE86,58
WAFTO0,66
DATW6H,66
CFRBSL,21
JGJHPO,1
13PCQM,94
N81BF6,21
46JDJX,94
5L00HO,7
7IW7BC,78
ARV4Y7,31
V5Z1ID,84
F8754M,77
4A0TPY,79
BM747Z,70
61MPO9,24
Y23UDW,69
M5IUG6,7
8X7PBI,56
DUTDFX,76
K1RAVV,35
D3ZL7L,20
CDUH53,82
HCQAJQ,33
TTEJV9,32
XGCXB4,51
EN8N2S,25
WPHS6G,38
KB0U77,28
YG48UC,91
C4XYHE,15
JEWF2P,70
S81TKD,64
AX9JM2,85
C3DNL2,9
V8RJFH,79
HC5N6D,44
ON07R4,77
TQEQEV,90
KDPBVF,0
1GUBC4,22
9WGFME,46
COJ97S,10
VNYAWV,82
M5A2VX,26
C9HOJM,49
BL6JPG,83
WO5M6E,13
C7DFP7,5
RMEKFY,97
1HDY6G,56
IDY4FK,42
UUEV6N,12
0TB9W9,54
RS5R4D,54
XN61RB,1
1Q4CS3,26
D56XP9,90
XVYACI,29
B8ZI73,14
8G3MZ7,92
HXS09S,25
VI8SV8,90
13NXSZ,52
FP60U5,24
09MTF6,17
YLT67P,58
XJXF5P,80
QYHQQC,12
GYL4WV,47
IRSYSN,33
4VRQ3H,34
AJCA1M,10
TZG0C3,63
83ZOPL,64
3EXKV9,29
VX7EY8,42
FHGMAC,65
C25W43,86
CCVQK8,51
635974,85
HGXLZ7,63
S433W3,1
3OMNQ1,39
GAT0BF,2
LI1HQK,9
VI54YH,65
J2N3SL,20
I37J88,40
SZYT18,17
99ZMHW,67
HY5YTL,48
16HZ1R,87
VSB548,6
F6HY2Y,52
HHKHLM,41
KWKOCT,96
CODFA3,58
9G8623,39
5MGY8F,16
WAKWEC,37
OJS49T,89
4CCXC2,2
7XHR2I,64
6S9ASQ,76
AEC2UH,91
EBHFTO,30
7K2DYF,0
HL1T0R,74
BPVMUY,54
EUYVXI,96
EB0GMX,0
ITFG37,43
9IPFQF,77
PS3VDL,33
G54IL3,35
FAW2TA,34
GEYO2W,88
3NH55F,21
W6EK3W,7
RLKZ92,8
IY4DV2,13
6Q3XFG,0
M5GE01,81
OPRJC0,55
Z7WT38,57
CA2M2F,86
LUH85W,31
P9U2LK,66
U8VRI8,72
ZGVBOM,98
CMYL7Q,22
ED76A1,29
EJCM87,63
PVWYC9,24
Q54OS3,50
ZQ8UXU,76
MA4KWU,56
4AKN1L,63
XLRNPQ,96
EASOT3,53
SLV2S0,54
EN13WX,7
FMADTS,19
RS7LRS,71
CXX7T5,28
BCB5BH,81
E6BEQ2,72
POQQF0,10
8QGGER,59
PTXTW3,41
EM3WIN,6
RH3H56,60
SHOCTN,31
W7J00A,61
ICQP07,28
K14FC5,97
CN9JL4,78
IKVX0E,40
L6TZHD,0
CBWACP,48
KHO2O1,4
MO36E3,24
F5MMAJ,19
Q0VWR4,57
5ARUUM,67
PI6PSF,55
3ZRLW8,81
Z009BE,84
3WE7F9,7
8B3ZUC,6
HKTO0R,14
OEQR9Y,2
UD3KMK,29
WS6M0L,22
EV7KIC,57
96Z364,14
2B53Q7,95
CFF0PF,51
KR92GP,95
JFTV5B,68
P4VKZE,6
XXJDY6,94
E4QWLS,39
2EQSZD,75
3X88U4,83
50ZNWL,35
ZOE9F1,38
Q5Q0QA,48
TGY0PC,29
Z0O9IS,84
HGR71M,55
YLO3JS,69
TFFZ2L,87
9UNCY0,2
PSO0EP,87
7S7KSA,67
3H5NHJ,90
CLQTG0,54
QI557U,74
QME7ZL,78
O8EWQS,50
X44T4F,39
JI19FH,11
QBMEPS,47
KDG8EK,13
2ZFRK9,72
NVBDKA,79
C072XJ,23
QD021O,66
O4O092,89
DNC3UH,50
7BZWR4,91
TBGQTU,36
X26R7M,73
CZVJAR,38
WTWEO4,26
QIM8SF,84
MZXLYO,28
412TB7,14
KQDSNO,24
5Y1TTX,19
8WBX8B,51
3NACSA,81
Z1UMT6,73
V2WPEV,11
MYAU5C,76
C8CBAY,16
ORWXFH,65
UP77MG,89
M0NUZU,98
1DFDO5,87
XS24M1,50
R4L14A,61
UZLEQD,46
6I9JK8,36
6WHKH1,50
6553UA,74
JAND44,76
YO67ZT,38
G6TC66,77
1K7TIN,18
Z7RGBM,58
FGKI75,18
9MQA2T,67
INJQNT,98
SJJYOJ,45
EBA21H,56
UY5692,4
X1V7N8,82
E00EAT,56
VMD1X8,45
3DN8T1,47
HZF1GR,26
HNABCW,68
NNTP6L,70
HNE0G8,59
4PKGBS,59
MB6TFF,11
XPB3SI,2
Z51R0Q,10
T2P6UQ,98
V0CLCP,48
FP8PHO,82
GEVB8M,9
MWFLDE,12
TV3MQV,96
18VUYN,62
8T6G8X,78
7H6G9H,2
J44ST7,75
L1K2JM,38
KJJGTG,41
EB64CN,99
A5BPJ3,42
V59JO5,82
7XIPHQ,30
LNV1LD,79
42JJV9,48
CPYB4N,99
CYWRCB,76
IXFHUT,15
T16FPG,42
KT35HN,50
0JW607,95
WNVM29,69
JY3SBF,21
M2UZ9T,51
SDZPF0,55
DTTHR8,56
SXF4WK,20
18D4C5,60
8I0W06,90
NAJ282,67
P5D4LX,96
WW1LDC,4
JD82ZR,76
ZXDP26,47
JY6OLJ,32
50MLHA,5
XGHLP4,86
3GYSZU,35
M9ZDWX,66
E2AWIE,54
JPACO7,52
PU4YQ6,86
GJR7FR,94
PPLY2J,12
Z2FFG8,68
5CGXM0,40
B14GLT,70
742AXN,10
Q5RSQ4,51
INXL8K,0
FPZ2R6,66
C5MDGP,64
ESMQ7U,58
FC71RW,61
0FQ7WZ,42
87D52P,68
18WBXW,84
JFJ1OL,35
ZKQMCY,45
NPBBRU,45
72DE2V,74
LN2ZI9,25
AXG8ZU,70
IN8SZC,75
0XL2Z0,89
HGMAZK,86
A2K2KQ,81
UT3O6L,85
72U43T,80
QZA4C8,98
2AE0OR,90
DMXMKE,97
STORJV,18
KBW64V,92
UDCLZU,62
YGYG12,81
7HOZ85,68
ZJNC89,38
HTQ5IT,59
G95YVY,92
UCOILS,84
X4GLPZ,20
WJ9ORY,59
BESM4Y,79
XMHLPF,14
8EF0LM,96
T289M7,52
CMEG10,14
JCUHID,40
U7IZX8,29
PW9DS9,57
PMQ7W0,52
JFBQ17,16
KF1X0M,92
I5BZRS,81
XJ0HGE,99
XGNYX6,35
ECRHWD,19
YZ0KL0,75
M4ZEAA,36
06F2VB,8
DTSBIL,66
YHHETI,34
PPAEJL,60
L22WAE,57
CDBZBI,55
5CRXF8,9
95LZUY,59
628YVF,45
4BUMDK,10
ZL5UB7,19
WDC5A5,90
YKL6CC,94
GFMBXM,61
IUBM8S,81
BQD5HT,90
XYN1J6,26
0UD0SZ,28
WQ6030,85
XXLVM5,36
3024DS,81
92WHXE,23
5EALAW,15
V90ZBK,83
6H4RN8,74
KC3KPO,79
1B3HS2,68
HECUOH,47
O3U2YU,71
7QBK3Q,48
ZXZ700,37
JA0J8J,80
TJZD3D,45
4HDGHB,47
1JB42Y,3
4JOH8B,2
BGKE45,96
YR45F5,65
S1ZRVL,59
OIIQ58,87
FOGD1O,45
VXH66V,13
NGJIGH,63
VHI0K6,60
SCSR2K,99
62O44J,96
XPGZ7K,69
IRMNXL,10
HA7V9L,58
NCQ2JB,62
PT7ZA6,99
VAWOGQ,48
CKMX8M,24
E2UEXJ,25
NNBU07,83
PKI1S0,52
TRE5T7,29
IW3NK2,22
9JB9L7,32
GW4AGB,75
SPU3MZ,72
7VHOVR,12
XWKKJ4,83
E9782X,7
DWY16V,91
GVV2J6,89
Z0WWRF,71
GHGAZA,43
8O7FJL,38
VEVV9N,30
4MSADT,64
OSXU0Z,98
1TFQXR,64
FJDUGX,5
7UVE0U,8
BUFHFU,80
HF9RF0,98
P5QH1I,50
4QDNJU,52
LMCO67,79
Q50UPE,86
VWU676,2
T092EC,69
C6L9FS,13
H5MPHL,81
PEURUQ,88
I5141O,1
Q02DPQ,42
DRWEZB,71
II3I6K,66
IZA1BI,38
OS5XEM,26
XHAZJ9,15
8KYISN,69
6J5UYP,60
74LJNA,30
SYLBQ1,52
CFPKKL,92
YKE553,83
BVDQXU,92
NTI4HL,85
KNHX0O,68
7V7GQ9,44
CBBHVC,87
4HWM7O,42
6U4B4N,76
DN53FI,81
0YSDP6,75
FHPDH9,52
47K93G,71
ARJ1KP,64
C1ZJCL,42
ONN9GJ,18
HMWYZH,50
9ZA6SI,88
3WA3XH,26
EJE6JM,34
G57S3U,10
I9G9XE,86
V3JC7U,15
Q5O7JU,83
27OZ6M,34
ZWS2AK,83
LII095,81
EKC5LG,32
O2RQ4F,32
63YLFD,48
QYPQP7,70
QRKTZF,39
60MGTP,46
2M4B6N,55
QWQ4HT,95
S5YONX,58
0GOASY,15
IZ4V9U,46
FCIS98,98
NY657Y,13
9FJNEQ,52
1HM23K,63
9J3PXZ,82
4BEPS9,14
7HMMHV,96
BPP8FD,67
NC64KB,34
5ZMW12,22
HNKY78,33
N8JSYZ,4
Q2KL2Q,80
55YWBL,60
KJU3R8,21
KNXMET,67
3AGLND,15
BBBOVP,39
C1X6FK,0
ZEPYFD,63
J574EM,26
3QEMH6,23
UJI50T,55
EOSXAT,51
R2XL4X,47
VSVBFA,69
QP8MF1,84
P1AZG0,91
78GIYX,87
JT6MOZ,76
IU5JKM,97
AAAIBN,36
JL5STB,85
9M7780,64
X99EDF,49
LE22TA,89
KLAREF,18
8NV4DT,35
OTX5G6,21
UK5MNF,5
F2TQBH,76
9104RG,79
TVW5CJ,2
79AP9A,82
KPWZ20,99
QK703G,57
2FWXNO,11
86N31K,28
212EPB,3
W810TB,68
7PJZ7R,1
XMU8BV,33
EA0M7Z,69
2X4VKD,31
R2OZZD,66
OO33IW,23
1OCA96,19
Y66VPA,24
CRKA7Q,43
6V9QT9,91
NVHEJG,30
FCHRUE,78
YSF8PJ,0
6N66CD,40
Z05GJQ,5
4LE9A1,93
41L914,95
TBEKCI,7
9LOS9X,98
A9NN01,74
KLKIZ2,58
5BWBPJ,26
NM6R61,69
4VFTPW,76
P9VJT0,27
04J8AE,4
FS0R2H,14
HUTXRE,51
VLEHY7,46
JD66L4,81
0MB2TL,74
VO3RLT,57
2H7VDD,33
NFF2BC,66
GJ2C7R,7
J9CR8M,4
D7EQP8,14
73UTA0,27
TWK3XH,89
OSTEEW,87
RRP4YT,55
2QX5G2,18
PAWD96,38
VHVOBX,15
L0OAUF,12
VOARFJ,31
5OA3KF,48
LP7KZG,94
684D6C,51
5NFYYR,29
V7QZQ9,37
R1REE1,42
762JND,79
UUCNKO,97
1BZVLW,91
0EKEU3,97
THID6O,15
U4BJBJ,81
8CJVJI,83
SINFH5,65
0XSU9F,36
HZLU4H,90
909LPK,46
3UXZR1,24
BNKDP6,93
OQIBS2,46
T93PZL,76
EBTO4W,48
8PXAZ5,24
B0ZJGY,54
UZ24JA,91
VSYEU7,97
OPT917,98
NNL5XK,90
HDPZCJ,65
5VDDXZ,89
R3LJJW,40
ACX7CG,47
LRRT3W,20
OOPA1D,83
YZTT04,57
10LLIS,30
WXYQWE,31
V022CE,40
KSR6BZ,1
CI8YTK,78
FGID3Z,93
MODBAF,47
J8EI76,39
97BYBD,37
2ZFIHY,77
C2ENF7,1
SXABDG,96
QQQCZH,96
341GRQ,38
9U62W8,92
G0VL25,97
6K0GNU,99
ES7NEI,3
QABXCC,38
7L0QWE,41
0FO6KL,69
VK9X2R,9
XLD8DX,61
S8741A,35
B928JN,56
QXWZF6,88
337FKP,72
VDYQ14,90
RNU8PM,70
BOXW71,0
7278TM,6
TL2BDO,81
NPAGAV,48
7UCX33,31
VKYU40,86
DCJS0B,69
2INSPB,85
ZGZVXK,20
SN8BA9,26
V6N8YE,88
GMX4WA,91
ZECLGY,10
1K440B,30
TAXFSX,59
UHGNRE,56
HH70ZO,11
XKTQX0,51
H089GE,3
QKR5QR,6
VIB2AL,88
3XFQO5,53
XP57OD,35
3BHKJ2,90
5SOLWG,33
164ZEW,21
PZMKIC,96
T2QJ3H,27
I08RHZ,91
ND9J2I,71
FZM6M0,31
JGWQ1W,60
XYF7XI,60
F60TOW,24
GOGVG3,61
KU110H,49
V24VI4,55
6IXSHW,53
GMV7PU,76
4HLD4Z,28
ZNMLXY,56
SZP13P,25
T8SV90,73
F8XHDE,0
DS5AWX,61
MW8F88,89
86KDPW,49
VGGD7J,17
EP5TB2,7
LYCFP8,76
U47XBE,36
V6FEA3,34
CF6UQZ,53
VY8JHL,36
DPJ63S,90
CQJ70P,68
7G2MQ2,90
COW1F8,34
EJNFBR,26
BQVLRC,61
OHQS1R,72
JKJVZP,99
3VF92A,42
U356IS,7
XKPG2U,29
B228EB,45
K8Z8U4,53
0N9AMX,75
KCD99S,98
XZRPGJ,71
B3B4Z9,40
90KD3T,94
HF7EO5,2
4QUQ0Z,30
7DZS6X,54
CITCWP,18
AOJOT8,21
RKGX90,54
V7F8CN,3
U18YET,10
B97G7G,50
PMNP9V,42
RW3J37,84
BRACQU,69
XCXJJX,50
EJPSKN,14
KEBCT0,69
C02DX6,33
FWT4FN,75
7L00M5,33
153OV2,72
09WIEX,92
SWYLDS,54
02564U,59
R81OTF,97
10LB7O,85
DBGN8H,77
3VSX2C,39
4XF5GH,46
N2LUX0,12
4MBF38,5
8DWRHW,94
SR0PVF,14
H3XXZB,82
QW3DE1,85
5BLAFO,75
RT0ALA,42
HNOA2H,84
ZXTT2N,85
FCX3T4,95
28UAM7,59
RQR7NP,9
W7L80V,31
N9PJMR,83
0D6K2R,45
WY8C79,60
UQ44T4,28
24BLEX,88
KZW8TS,5
0TIEL3,23
3KSLZ0,49
H20E8P,73
CI2Y50,57
UEYWBN,54
UT84OP,34
NIIMM5,39
2ZUQI6,68
532BOK,56
5LB31Y,49
HB91ZF,20
V3J9QO,70
Q2CBBH,11
A9DX8M,32
X2915N,14
SDU32G,93
XY903P,61
4ZIKVY,94
RXVH51,96
6WSGGP,6
U7GPT8,11
LNQ5OL,53
IKSBDH,30
1OVLON,2
8KF4O2,4
2EWQQA,35
WHAI3N,31
BWPM7C,24
HD68MU,46
NBKCYD,95
4ZQ6PC,9
2BHL1E,39
NMUOJ1,56
PU7830,73
XIR9BR,19
85LT5B,65
90TGZN,28
AKU5W1,32
R78APZ,65
M6DLZP,93
5AXA1E,61
Q6376E,45
M7W6PM,0
05P26G,97
8M9O7W,43
QVQTQL,47
YKFUJ5,60
DVYTYH,44
MDS0HX,34
5HMUSK,62
8UNQ9C,9
5TDMQD,6
MFDYJ1,48
2BL1LC,25
CMI613,56
DOGTKS,1
4FUVDH,69
2K192X,14
L0T4RR,86
2IC8PD,18
H7X4D6,32
EZU9X4,74
OQ6PDB,98
1RR20K,59
MU6WIQ,39
TGSS10,80
NUGNTT,47
W9N5H6,2
K8G71D,32
KIGGEK,58
W3NFL2,53
58WQBM,57
02BWVL,88
CIKVSX,43
BB9AJV,24
XOKGFB,61
ZR7EZX,59
0XNJ12,32
SL1CYS,89
9N4CL5,74
5WN5T5,20
KQ2Z6E,33
JGLQD5,32
Z1IXOV,99
WX81I7,27
I266CE,22
V3B308,0
X3BMCH,1
OT9H3Q,46
0S2161,59
PKAG6Z,50
8FIV7I,9
SKN177,57
HVM6RE,87
N4XGZ0,43
EXK3JE,14
3DIKX3,86
D8JV3D,94
GHODO1,37
93C1BZ,76
89L09G,59
WVN5JK,53
GGJ7PU,7
6QQX0K,93
9B5U3V,46
4VEI71,4
JMR81H,10
DP4LZ7,29
YTXM85,99
GECE5H,87
WITGD8,2
AEO2KP,45
YPTA0R,82
P3F4ZH,16
GBXK4T,8
001YVK,93
OAL117,3
56OM9F,32
2GKI1J,89
KCB3KZ,69
ZZJ4Q6,1
V5SH5Z,88
L8HZHN,4
SHMC6V,79
MMCALA,52
AS3F6U,7
21HZVV,98
PAU8BS,21
XR7NVG,71
WTAQNJ,13
TTGBVI,61
AGB7OO,79
WDSD7Z,87
5W461T,60
YVU79S,92
OWPRH7,14
25GKS4,85
TGDQLN,42
MENMTP,34
D1GFRH,81
WQ58EP,12
IAUAW9,40
Z180Y0,90
ZTME0C,23
BWMF5N,30
0IN9BW,32
WUAIEF,5
7K1NQQ,84
KRXPRW,10
LBBJFR,66
A59TDY,13
13UXT4,25
N5K022,48
LK6WZQ,88
D38AGV,63
8AXO8I,43
T2TVGA,21
7ZPUEJ,93
GEEBQ5,98
8OCQ2W,2
2V83A1,98
77DUJB,0
6E6GEI,26
CWHN8W,51
9JXMKN,21
JTCNOZ,92
44THD8,56
DRUVXM,42
JUYVCS,92
VS0UTT,28
R0XVEW,93
838R5Z,90
ABUG06,68
68P4CI,93
UU664R,87
82HBC0,44
KWJ4F0,77
XHY5CP,70
TD8XZT,82
NTD82L,6
0M9JXY,61
HULE3L,16
P2ZZPK,57
0E3J5L,22
SOK0V9,39
7U3CUO,87
BZ1648,74
XGEZVH,29
4Y5TGP,51
0L4E2L,35
N0AUEL,84
MAHFF2,32
IDDI7F,99
0LAUG5,9
1E8GGQ,51
L1HS2R,55
15KV7M,12
4XQD7I,37
OIW0YQ,59
JLYO34,78
18PVET,93
975FQ4,88
OF71CO,70
9W3ZEB,86
RXD4EM,62
1A5CIR,94
VTVKY0,69
4MGBPH,46
KKP81N,19
P1GPY5,85
FOXW86,79
XN223X,75
FN3HVR,39
ROROYO,86
T0BH3F,46
7S104T,11
G6P3FW,0
OI8BCE,20
R9U02H,60
8J3I57,54
G1IM3A,61
O6HPZT,41
H7AK29,55
RA01UE,29
6C5N3B,70
0V2I0J,62
UI60AE,98
QBJ566,14
O3LL8X,49
E8N06H,88
B5Y5I4,36
ZIBKQC,27
8G3JQJ,17
SOZ30P,79
8PG752,14
1HJOZL,51
CTF4CX,26
MTO4GV,95
2S429D,62
8K3KHX,95
5WYPN8,75
EXJTRM,45
AU8THZ,65
UF1VCS,67
HDQC6V,79
KG3LA5,36
J20VVP,69
PLA04L,13
E9XSXJ,43
CJF8Z0,75
GPRWWC,75
C6HVLG,16
QK9LDY,97
RX1GO6,31
4AN2ZO,29
GYTC4Z,16
AA502X,97
Q88HUM,14
14TWJN,91
9DLVTP,83
JUCVT9,57
A3LHJ9,14
NNIETC,86
PXX8RH,99
QLKDZL,64
I0WQWV,66
79T6ZV,71
514BBO,34
V65VUZ,2
PFNKK4,90
APZ290,26
4UQY6D,65
VP88A8,41
0N1DNO,23
JBB27N,68
G36JEW,71
26AAKP,35
2AKR7P,89
3R4J93,4
MOBOI1,28
QY00EK,49
9NMKI2,64
WIPN8F,19
CI0H8R,59
16P1X2,74
4OYG66,42
GHQFQN,75
2QMPPJ,10
CB2VOL,4
NSM42D,96
SUXDTD,13
PYME7T,16
1JXMVE,7
944S0C,27
XHB67T,49
GBKR32,46
MOQBS5,14
T54TL3,64
LWG5GZ,23
LVVHZZ,86
DSI8CL,29
3DEHV2,47
OAHMF6,95
O2F3GJ,17
S0RK6F,42
L9BA52,94
RZHVSC,22
FEWJVU,99
5IM1D8,14
ENMDU2,53
EW1YDB,39
8IEM0X,13
YJ6EYH,95
JQUXJQ,14
SYRN8W,87
0MM9HE,28
XC5E9Y,92
ZMRIBQ,94
I5SH8Q,63
BME76L,12
NZMDM8,78
JWYT4I,93
7QD82W,9
NVBS1G,58
ZJAR0D,21
E74BXP,51
L5M6YA,91
VC508C,89
0LNHE3,76
0EODL2,83
UFHRCD,93
UARTPI,52
49D9ZF,60
AEB4F4,40
D40JK8,26
FLCS37,60
Y1I1GA,69
L2HN2R,28
MCLVTL,1
OID8EL,84
5ZU4OS,48
K25X6U,28
TXWG6X,4
QDCKZU,31
WR9U85,72
TVXONH,8
0V8SKI,48
4SVTSX,28
U17RS7,97
4N5KT8,64
0QBPT0,13
VLZ6EF,51
PBXOYI,64
3PESEU,27
TX5S88,96
MFYP7M,13
ZSWCBL,11
QEN8UN,76
3HQDC1,34
08RTAF,41
WSPK50,74
Z9OCBD,83
E4ZESB,24
3GEYYK,20
4QXYZB,46
IYFUIK,21
4ZWK56,87
HO2767,66
H6PCTX,62
SFU13X,72
7W8M3W,11
VX7IKA,70
EG3U1F,22
V8ICJ1,14
CCVZ5Y,65
BBPFT1,71
5H3D6M,63
7248H8,66
PQAG5D,3
9CEP4A,40
1E7HMD,73
XV1AZW,22
EIX5F9,48
FL9ZAB,8
X4GQ65,53
0HVV2Y,0
VR3LHH,99
319I42,17
J8ZR81,5
1HR34J,76
6E3JGI,7
LZMK9P,62
G5P0MD,77
L3ESQ2,58
SS5NQ4,90
X4R9I0,42
RIUL5L,34
7LMKGB,85
T6665T,16
HSVU5V,21
6STVBO,93
RH5RBC,75
WIQPT3,6
MKIDAX,4
ZZ7WMT,88
AXWPTZ,22
O0F5VI,97
OCVOAW,40
YNFAG0,10
OCQN1E,81
XFRGW8,3
B1VM2I,89
UD9ON0,5
KHL5RF,34
C46UHQ,63
CPIVWO,4
VMXYBG,72
WN8PRM,51
3OL1M3,83
M46CVY,16
6ACQQ7,50
GN7BX6,99
16AT5F,31
NX66CD,25
MJK8K2,53
W8HHG0,41
1KVOLG,39
5OIU33,22
KTNHBN,20
MC42KS,5
A85B7G,67
O3859K,35
B7ME2O,9
2E6VWW,54
GXUPQT,45
GILD6Y,98
G8YFBI,20
9D1QBS,91
N6EU2A,56
5AVX1N,26
G33BYF,27
HDUMSZ,90
ELKHVX,42
QRTTG8,94
VDFM8L,88
ECU37J,59
1PCC6N,39
F5G60Q,4
P16IZE,50
JLELON,7
7ZPTRZ,87
Y7R58B,87
84QLK9,62
7R9E97,63
BZW98E,68
50P0LG,32
PGHFYR,45
NS89FR,98
PAUFSU,13
D1ZBF8,59
VLN4W1,27
4DYD72,12
WZWJAY,49
YJ3YG9,7
10KJIP,34
BIYH07,67
LI5IL7,9
TLY5YJ,24
RQXIUC,80
UBJW2G,96
F5LPZ1,8
TLNG7T,22
ZP25TH,31
IF7BXF,0
WW4QYT,4
SEHEND,49
PW34SO,63
1XZ7JH,33
D62OXG,35
AV9JJE,86
1JM23P,88
V2UWJ4,7
A9IS0O,88
WIQP95,48
SWWA0Y,33
9TCKPI,60
WYF6Z1,52
QO67JX,19
R48AFP,99
X26SUZ,60
GQ2XMM,52
C82PVP,91
WJS1SI,17
5853BF,87
X9DCCK,49
B9NLDI,12
R8HAOT,33
YITR9H,89
ITF3SK,40
YNOEQD,5
3O51V2,95
LD6SKS,57
NOMTCD,82
3889DI,73
FP5ILS,83
0EOZ2T,95
AO9IBM,89
1QZRF2,84
WR7VPX,13
TH1UXH,58
SCM9WW,41
WYYJQ0,43
QLSIVK,46
7C4ZNH,35
9O7FMK,42
S2AELA,56
49QG93,13
HRJJYQ,25
B6JFRP,69
JVE2P8,62
684C00,96
L1YYJS,61
2IF5BC,50
F0GUKO,18
HF3196,77
FNJWCU,95
RREGR6,69
OMPP73,42
8D6Q8S,90
GMCVVP,85
V8BKJV,67
OJLTO7,91
A6I4DO,39
K2XRR6,93
0WDJY9,7
FC78EV,19
JZN1BO,84
8I0WPV,63
D3BZ2A,17
SNPC48,30
4GGSSG,27
EDYWX6,47
IKD3U7,46
874GLB,10
Z34261,9
B7JD68,32
G2G5XH,62
6L5SW5,52
7FCMSI,13
C6L49I,35
733PNY,41
RZR0A2,17
NCD4SB,42
77SRSY,97
18P9MT,96
JSRAGR,47
FBD6RT,3
CR5I41,35
CM4BHV,33
AQ89CS,19
YRWGIR,70
1C0DNB,66
1G5GWF,72
R8HQ7N,17
UM7EYI,22
MSSN2D,41
VBF4OG,10
40IPDQ,28
CX1IFV,99
HMHNH5,24
T4MMCY,17
VSPNK5,59
553XN7,77
B2VVZF,47
0SZPAS,50
5ZD7OB,84
B86G8G,48
SV6UAE,18
993SFD,12
D6DYJM,62
8H94C2,30
2KUSO7,81
2IYUHJ,38
WJCS15,71
Q3LIYC,4
CTH6KR,99
MXY5HL,3
RLZTRA,50
TM3V4P,33
UGYYXA,66
ZWZ1N0,14
ZKWGQP,63
018W9Q,85
I7RD5Z,45
5AI13M,15
L5IN42,15
2UPDJO,39
CN4GJQ,26
PNQLI6,25
GBOISM,45
84IE6Z,41
D6WR60,25
WAQBL5,72
V5DKVU,74
LR7V8G,31
HWJTT5,90
YDFF0S,64
RU0A5L,10
DZ4MS0,51
4PUAMX,58
D1K0QP,15
RFPCFS,36
2IA8YY,42
OEMCQS,11
S49U3N,40
96248Q,89
3689PB,20
97VJ8L,46
PZD58H,44
DRG772,54
2163O1,28
7IC9EM,58
GP029U,54
XDSWQD,68
HABJCA,95
GAKSSA,29
24Z7T5,67
CASCHM,44
ZRU9RV,71
Z6VHMA,55
F772KN,2
IY7HV0,0
KHJ9WI,88
NEG1NT,56
GUMJUC,14
T7PYN6,71
TYBHZI,78
00H5IE,46
YUVBUK,58
RBQFL9,52
34QMWC,70
BQEV6L,22
D0OYZC,91
T3YFRO,45
84T3R8,83
7LIMKS,57
YL0JQX,53
E6T655,91
HF3OMV,55
GKDDP9,48
SF96J3,81
BMEVIF,42
55IXVX,94
3INA1E,67
QBHJ5H,93
XSGCWW,36
RT92LI,49
JJFENG,14
5UEW6L,15
YQIAGK,61
SZ97IX,61
945P59,10
KYTNFV,26
LA9TIP,15
JTFTSK,80
VP2A9T,99
YRJJFA,40
49T937,84
5BS3VN,72
QY8J0P,2
4Z0WMM,48
1PU7TN,40
NSXU1G,99
GFQWAX,49
XXXPYG,2
U3CP80,76
J4HNTC,37
TO2PEA,56
F00QJN,32
CGIVPI,61
CXIJOL,14
K53507,50
4PYODT,74
KEPLKB,52
JYSAJV,15
1O134T,33
NQUS67,57
UYJLTJ,58
9AJK7N,99
9789M0,48
3HUA11,99
7WFEE8,39
9G6Q0F,38
HH52IJ,43
TIB4GK,54
G7QIT1,45
OPC7NI,65
3L3GVP,68
P32VWI,97
18E8MI,98
DGKEEO,77
TS99LP,20
GTE7IP,63
9Y49TY,66
3EQWY6,22
XFZY8J,17
7UVQY9,16
R03FLN,75
ITCW9N,22
QHF41I,94
5ULANI,92
904DIR,4
BVHIRM,46
BTP1FS,75
2ZQUGI,14
2OUE0Z,51
WNZ5CK,7
BC9YJR,44
SJ8PFV,10
8PPBR0,56
7P0YA1,35
ZFUIPH,53
YBSQOC,2
Q6CKRS,59
USDTP0,31
PN3S5S,4
H6FQOM,47
A2224F,10
O83GCR,45
1Y1Y4R,48
5UMPPJ,59
ZMJQAK,30
4CUH5C,0
OOR5IA,35
AMNSPQ,96
5YGTXQ,70
3PCC70,25
PYLURF,46
R8M4F9,21
Y7JUV4,18
QBH6UP,77
I8G6BM,44
VVVA90,49
JDVMAG,83
TLX2W2,40
BOMICI,11
L42W95,85
5615W7,43
4WTT02,19
YFR8HE,76
XM8GHF,38
U3FG4P,74
RV6UPM,41
YEW9XV,89
Z8A3VF,18
ZLUX9U,18
BNC9DR,68
YY64AT,54
LEKQSZ,25
FAV3YT,47
IK7UOV,46
OQU9CI,70
NT4V58,79
RNRAUU,24
HN6SPR,84
JWG4Y5,61
KZE1VG,93
9DXS02,98
LMDEUG,18
88VQNN,60
B3D0Y0,29
CNIW0O,81
3HJ3J9,59
1FJP1R,96
PUQZWM,91
M9XV0F,18
6YUZ1W,78
M1IEQU,94
DED3DP,0
M4FAH8,77
Q7R138,7
DLGB50,90
KCD8Z4,49
1QMG8M,8
ORPN7T,14
1V8Y2W,69
OK7QB2,33
5JTG6X,43
OTU83A,42
AM7O8R,13
PB6Y5Q,46
SS81P1,81
7O88KO,43
KSUNAM,46
2G1G3C,22
V2CA1K,37
8VW2FN,34
7WSRFT,62
C9UABX,10
WRN13T,79
1AE8BI,77
4BL33M,31
NK11VV,52
R0YKBY,16
BXLP7O,76
F3P5N3,86
97ZMSU,50
N3VBDF,7
X58ZII,62
34ALI6,3
U4AZNG,79
GA14Y0,93
UBWRTZ,52
I4AS6W,61
P1Y7U6,34
0QGNLX,20
XQOVV0,79
N83NB5,12
DNYJBQ,20
0RIG35,13
2WUUDU,62
M45XZV,48
Y03UII,39
VAOGNX,47
W354R9,85
YYI814,80
MKVKJG,86
OP9CSD,54
HB7NDQ,44
Y7W9X8,15
QHWKKN,76
MNEA9O,70
2UXP85,99
V4HPNV,26
BPPHOJ,31
KWRQA9,27
JXSJOX,17
NKT3KU,49
SPZTIL,71
1SDN5Q,89
EP6JNF,46
JW43Q6,33
9QMZXE,3
5T2ECY,11
ZFBM4F,65
VCSNJQ,9
V7QS15,37
EZ3NA4,10
Q3PMP3,84
PGTBX6,37
FYMA0C,52
K6A2BY,52
TSCAUS,37
LKQGK4,79
9I7WHK,70
1D8PK0,35
N2FV1K,47
AC88K6,63
WUF93G,9
J8JLWY,65
S5PJ40,44
4HU4JT,7
NACR24,59
TC0M1P,52
AMU96R,51
JC28FE,54
SURJJZ,7
4XPSUT,81
XL83EK,56
K0JKGZ,26
42NVXM,24
RXQ4NJ,17
NU95PZ,35
GMSJWO,6
FC2S8Z,17
1VZKSG,12
1CDO8A,84
DD9JRQ,14
7Y484O,93
VTCPBX,65
F0GDNX,17
G5J2YG,70
FNPYGJ,89
PCRKW5,58
Z3Q2GI,2
3SXS7Q,52
DZ0CDV,5
RJCUUZ,51
0GIZC0,99
81T2HL,57
0I0HB4,79
LF3TF5,16
KIY4BK,42
XK41K8,82
IO7Z2G,15
7ZIDIX,18
TN7YWW,30
JNZFGC,88
7QLIRW,95
231BDA,27
3YO7DA,87
LWORSD,61
MQ0BQ7,9
W7GEMA,81
5WXCOB,28
5KHPCQ,77
O1SKTS,83
1ROQMQ,78
CO3N6Z,63
B7L2PB,73
FK35L2,65
70O3F9,54
T6DQL2,9
CCOWNA,94
R15D50,23
L4V0GK,63
OC40KO,38
W8TJLO,81
HJGUID,19
5LLVZB,31
9Z95BZ,13
0MVNNE,99
4WJ6GJ,49
XD0TN0,98
VUC3C3,3
D5VSVJ,17
9M6B9N,76
5AH6BT,8
MGPA4Z,21
691A3D,76
AMA5KI,46
LNOI1L,13
U79JT5,7
JEKWKI,32
E7A9KP,94
AOE8P3,68
YRFVPC,8
YUU8YW,54
NEXV91,72
SPLMJD,83
ATPFP4,52
BGVXJ3,53
JHRMGP,70
QND3JR,47
3VMRBN,82
VMMNQJ,64
VMJJ5W,1
QHJQIA,43
FP9JZQ,97
ZETLAL,46
1MZALN,7
R6NXJF,50
JZFKON,17
MYZC87,86
94EZ72,36
HLVM9Q,39
81DMUJ,55
TLUR20,22
IJRVWZ,14
Q7LUB7,20
CC84HS,21
VGPJFS,22
SBCCJO,86
XI1IGP,33
TDVKEG,71
P6XYNJ,86
MU5F0B,76
AACFHF,0
X44K6N,41
6YNIU6,88
S60ENV,75
EBF6OE,38
16Q0EK,85
5LYGC1,25
RI4HU9,22
AHLE8W,16
68PIUL,8
3L4OHY,42
HM63NK,58
LQ3RX2,4
PBJSRP,19
L0THFU,42
B3KODP,34
ZYYXLH,10
AQHFTD,21
RDMJHN,58
OPISZC,71
YVKOVB,88
0XRB8M,2
DGUZVH,42
53QW3F,58
MLKVMW,85
I03XLQ,91
4PIFMC,38
0WYLQU,59
STIYYR,89
04O6S5,20
W1OXPH,57
KBG1MD,95
8BKBOA,52
FE0MYK,79
RCPHW8,42
DHFVNP,28
OS1FCD,97
QGNFGM,7
LMS93L,33
8847WJ,0
DVURFF,55
BP9LC8,17
SCQ63B,52
VYWMXY,26
6IAI45,6
ZDC40H,18
EJIGXC,59
29SXYC,69
8PITVU,74
BBNMKK,32
FZ7JWB,36
7I2MVP,83
6VVQOB,86
BH2QQX,70
7QUQZT,64
H2K6XJ,60
65AB5M,42
G06XE7,10
MTBOLH,60
8X0SMU,45
0UORR5,63
BKWE73,38
K0B4FZ,9
DIV0UR,61
FKITRO,80
9AVUQL,24
SK8R1E,74
F2H1D2,70
ST6CW1,53
7XDUTV,49
M8CHKZ,39
VZWEYJ,24
Z427OT,93
UDOOFF,69
GD72U2,81
OJ7785,98
71626C,80
GLLUTW,41
FTU03H,79
H0ICZP,46
EJSDVQ,28
7LYANF,25
6WDUT1,19
5PFXRJ,93
UL7VDX,25
URF51G,61
XSJT56,35
FMBJWZ,55
YVZ0Y1,58
2BNY1E,39
NYWVDH,33
WZ9YQ6,31
AYV4H1,17
GFCGHQ,72
H2H8JU,5
RPNFIM,65
PS6WQ0,14
AMPJC9,5
PU7Z7B,69
0EOEA5,32
IOUH0R,77
4J60HC,76
K0VAFR,65
7RJTP7,64
5WS8QH,99
I2OYYY,84
0OFOJR,28
3IJ177,51
FAISDE,41
8O3OV6,72
FRLA9O,52
ZWETRU,99
5OKJTR,62
36EVQT,51
TMTCGE,3
TTNZ65,91
668HSE,40
IBXPJ5,76
2TVXIU,97
GIAP3Y,65
6SDTV5,10
4XDD3T,87
ASUDJ9,43
UMIXND,40
D0BVLC,95
5VNJAC,32
T7TBMV,73
K9FGPY,51
4N5BG6,8
LXQA3P,6
R57C7G,22
1TQKIO,37
P00ZYW,2
U7LJP8,77
3X8ZSG,85
ELK8AF,19
CMYOAY,9
LRGWIA,0
HB3D81,71
MC8IWW,86
X7A9L2,2
PB1GVI,50
RD9ONA,57
JIVKRS,49
Y5J08L,62
K6FJDQ,36
ZED89N,9
76VWQY,85
Q7R9YP,30
588732,75
I2715F,28
0GAGU4,59
EHIDLO,24
X45BAY,58
KYSRNX,26
CX5AWA,83
BLS22L,84
ZCOL77,71
CC8P4Y,60
58JYQT,86
Z907HU,0
8WPCKS,46
H86TPQ,2
WZI2WH,75
QTQ433,73
22Z963,20
5KECOA,59
BBQFFX,95
GUHRPS,49
HR0M5Q,8
MSVIS1,22
6ANGO9,31
RZT1O0,93
UTOSG0,8
H9QUTL,91
H5MF5K,76
57TPDT,4
ISXFUQ,51
D8LBLD,79
MJMP6J,8
4R1CS0,7
82HWGA,38
MY8VPO,78
WN8WS1,14
ZKAIAN,82
629GYH,8
5G3JLO,17
LAKXAQ,23
AR711W,72
WQZQQY,69
IUOQ11,1
7CALTK,23
2HKD08,30
SWY347,82
282YYQ,77
NNKLVI,17
GDPO9U,53
CFT6NO,85
VBSVC5,93
Z0X5ZH,13
J2Q6BT,30
HQH6FG,63
GNBVBY,9
R041GN,73
BNT2YA,84
3BLLHG,95
AFKSC5,37
PAG2O9,80
ZYDQGD,90
UE7BSX,88
5KPW7H,25
WGWTAK,13
44871C,38
7CVTV4,15
RS2W6N,50
1EODSD,43
P58NLQ,75
THKWYI,7
UW4MAB,26
KAL5D0,79
VBR2JU,66
ZA8FV3,12
2DL7VJ,96
W1WTIE,30
KT5QVQ,91
57C0FZ,48
ROWUGH,78
AJCTH0,68
6IL88A,1
34MTVN,32
2K1K1V,49
8L71Q5,32
2SSK1A,51
MRAO9W,92
MS4ZAQ,84
6YN1XS,85
LOQIWM,37
XW0JZZ,44
RC1W98,3
GI0MAT,77
5MK1DR,21
3IQVFF,48
FH8ZVB,43
K9ABOU,92
VXBNV1,68
RMAE2C,16
KLC4VP,11
2F2X0Y,38
DZHZ3B,3
5H13E5,8
871JIS,3
QZ2HD5,73
C29CD6,70
MMAFC2,97
IG73SI,46
AB6UVM,78
C275BT,16
KZYQRC,26
Z9JHEL,10
1SSU8X,82
208ZQC,28
HXDYCV,34
4CGK4Z,41
T5QZKI,41
38EIPR,62
XE3J3E,21
6V5AME,58
6XGHX1,68
1CBYKU,78
17XFC0,53
C4QTNS,58
FW23ET,53
YMHSSO,57
W5KO2P,7
YRXJU5,30
3KEK3T,40
I752ZX,13
OQXZVP,20
9DAHXT,30
9FX364,23
HI8ZC0,9
TTZZ1H,15
FUQ84X,90
F7KJ5S,7
9EB2A3,59
6PIZQI,67
Y3VB8K,2
SR84BW,62
C53AS1,37
3DMC16,88
U7RHDJ,43
58V85O,89
F0V15G,21
SZFZJF,41
JYC8AU,18
HERL02,90
POBN70,66
39TJ0R,28
ZD03V7,15
OPCZYR,89
PERZCB,76
13EEVK,46
4YV8C1,46
SAFUT9,4
NE901J,53
6SUGJ9,30
XTY3BN,14
RBMP27,3
F8E7E7,71
S728QR,68
HIVPY3,93
HP44MZ,13
B69UDW,56
O365F0,12
3KV2EO,14
882IKI,79
2JYXWD,24
5OIA63,97
2DNNIN,33
JLARBH,51
HU1CCG,38
JREKKQ,70
1J3CYI,96
WJRAFK,22
K91OA6,94
1T4JCL,94
ENU5DO,12
QSMH49,62
H0VB8M,71
Q4TTNR,5
VD2I9P,70
O9MUCS,44
4EFRWD,30
1TCA4O,63
O28LQH,26
1QACHL,3
IVMFL7,3
UHWWJI,15
9F1MMD,59
WQB92M,88
MX3Y76,25
M01LDG,53
UIRRDU,42
SPF26J,37
977QX5,78
65ZAMZ,42
H6NK1X,25
AJ4CZU,91
8620EA,24
HYL399,81
F096IU,78
GSCAH7,62
YZKVB9,24
2CKMEQ,91
922EB2,15
TNSO15,20
M7NGT7,83
6XD2ZJ,13
PI82LI,48
O4RLQQ,86
L6YLMD,86
9CBE45,29
0HHL7U,56
658RZK,51
XDJQRQ,23
5426PZ,52
W359OU,53
U2GX0N,64
69NTLD,51
67KL8X,71
4AZNIP,95
SXRDHH,6
9IMN92,84
7PYTPR,33
71Q0TA,89
MY5KRY,86
PVKAGR,96
F89T54,32
H58KSD,46
2HOS3K,61
W20EZJ,85
93DCUL,94
6QNAH7,46
0T7QRW,5
RX7SZE,84
7CFOYR,64
PG6H94,9
FVC4P7,87
AEKRBX,20
ZV4JU4,92
PVOYU5,48
6YW0I5,25
LV2VWV,82
2607HQ,15
Z6IM88,12
KYLFNW,13
7XV71H,38
WR9EKO,94
VG267X,87
KDV1UQ,92
0B6V6G,39
IF0A04,22
NW6LDQ,23
NT89YV,37
NAUX56,69
72EGG5,33
18OCIK,59
9U4O05,92
H4EAON,5
WCCBA6,96
CDAA69,63
FQMAF6,62
ABZ05S,90
WIYFJA,72
6F0W2H,25
ROSDOB,11
2FFLGK,26
C6JO6R,96
CI35Z6,41
2VXR92,76
9ME6A9,95
9WOY43,8
WG3JAJ,93
MZWTEZ,84
EHGN88,3
RTZKD2,22
OOFZCO,66
8XAS8Y,51
D2JV2H,83
DGK4M4,19
V7CV1K,59
OLCJ2P,69
AHTCGZ,97
XOU6TY,87
Q2C2O1,30
EUT0TI,19
JBCQIU,27
YUORCG,17
3I0E8I,77
FG27XR,69
QXYSDC,54
PDW2MO,74
8B4DYC,79
SO7AM0,38
KUELDI,86
0VZW1P,95
SNFVHG,71
THNN6I,45
U14YHU,76
XMJTPP,89
NK8RAX,44
LLL3VY,34
KTVLJH,23
V2415W,54
KL3Y15,28
2IQJFU,0
O3VJ6Q,44
I5W6DD,22
AY7HA9,35
1MT264,19
N9DM3A,30
Z7Y9ZW,3
0QJLIH,4
49DMMN,57
2U4G8A,4
T4QF0X,82
E5LN0I,29
Z5FGPQ,97
TMIOWK,98
CQALDL,16
KE90FW,67
CODW1S,64
D4UX6H,67
AL1HKJ,40
TASSV0,2
XQ2AUK,5
MJOYAS,38
TLAGHA,37
EN7PSM,20
A4N35L,65
4YHVYC,1
P08JN1,85
KP5MZM,77
NZGGAT,24
5X5LAY,48
R40ACX,69
3K6XGN,50
8C8SLS,89
JFV6WD,59
0DHO0C,73
S3Z63B,69
WTZ9TN,60
7PFWT2,96
YVKDZO,88
7G3HPV,21
UMJNA0,40
H5FYDO,35
ZDS72I,17
N9E0OU,33
I8P89A,72
4P0F4V,77
13UDZ2,66
4RUG7N,91
M5R5EC,14
XIZSTU,63
DNQN5T,46
KER8EB,81
73PZ6C,70
HPFDZS,63
4D4R4Y,4
O7VR30,10
VRSMBF,7
GS1XFS,40
U1JEAO,61
AZSUZE,11
DRI1F6,23
H2KUWI,45
RGYXLG,39
6Z44S0,16
UGJ7WX,35
KNL18Z,31
6D2NOP,5
39V0O8,47
OGMPTT,66
9ZL2T4,57
C33DSV,54
0PVU2V,64
H48VUJ,43
PSWBPD,80
TKFOW5,16
CFSBGD,43
E76UNM,96
TR4TY9,25
VZSLON,74
SXBE0W,69
K6D1I4,33
9B4I14,75
NARE1D,96
G24NQ1,59
CLB24T,64
DHT4K7,37
4SEBV0,80
B7CGOC,50
UQVTPN,88
7MLH6J,17
NLU64F,36
IXCYXV,20
2Z0EXR,75
MJ8I8Q,67
YDSW33,83
GQE58B,44
PQYS46,10
RV2RAQ,49
GQ3AQ4,10
2TJZIL,3
3DSFH6,72
LRAE9D,12
YDTMBK,99
E38RIB,78
9STM9I,54
TEBYVZ,0
C1NG0J,95
F1NVYI,47
WOCI77,28
0HN2O0,66
0SU7YK,17
NUS1O2,77
4ODK21,1
JOE1XX,0
7A18CD,59
VBAUV0,34
L106UZ,74
N6EDFV,49
W0FRY6,11
4B5M7E,57
SFODQM,73
HUPWLG,33
M8OF4B,21
8LAPM1,81
7FXT1U,51
RHKB6B,88
7JBMHA,80
NWJJJU,80
DK6EZR,13
ICX4LC,12
F53QK0,22
G7XYGS,67
C9IKOV,33
C82U0N,18
K8PW16,83
F6J2FR,88
KFN4DH,0
UWNNTB,18
JDBVDQ,95
G8DUS6,48
C4WQV6,92
0SG1EQ,83
LM0N1O,40
RZ97CI,8
44NXJY,10
023F0H,43
VV3R3E,28
JOJJRJ,84
B5L8P3,46
CNH4P9,87
1K6VSP,79
TC5CNA,48
UOW0U8,37
H2IA1B,60
4ZYSJH,44
TTGFTF,16
1TJJ91,97
VIEMEW,67
9OSPL0,79
BRSCUL,48
H0DNLO,11
MB6M04,29
IR23J5,21
1BJUFL,4
5YQ8AK,18
O6ZDDG,16
NBX4LG,33
D3YHZZ,80
CW4I2Z,29
59HPV9,76
X75MQ7,41
JWQYVP,91
TR4JXG,49
IA0A0N,85
4JZ6ME,86
G15YTG,80
MFUTPK,52
EW322W,13
YV3566,56
4ID2J2,2
XK36Z9,22
CH9E2W,23
HL0TE9,6
L82BOA,26
P71XUS,91
ZPIUHT,67
BY5SS8,1
GJ6CN2,64
V4150X,54
MT5JUM,35
5P59QK,48
IN0LW3,24
IALE3M,84
P3UIOH,50
AQXJV8,32
6ALHJC,6
OPTJLS,89
RRRM8I,89
DOM5JD,30
JGUV4D,68
KS7DYD,28
DHTR02,41
V4E7X4,72
6PRXJL,57
90OUFA,66
LS9FI3,68
S9UVEH,95
9C68CH,61
DJX9IU,35
GFSNO0,15
39WLCR,32
BWPHF8,93
ET5XR2,86
TUHUQO,31
Q3WF34,50
6VSPWC,13
AAU3HE,15
Y5BZEC,66
GDDDIN,3
PZLYIJ,68
52IMKP,73
5V1FB5,15
IRWN74,54
9G69VD,75
PUAPVK,33
78JOR8,44
TT3UDQ,57
D8FPFJ,84
F03QMZ,1
9V780R,11
TK8X38,77
OJQ2K0,5
BWN7UD,20
MY6V9U,27
JC2XRH,68
CN84M9,12
8P12LJ,3
99VGGH,72
AJ3G6A,55
BJ9AFV,85
R67Q56,89
27COZQ,27
PX101Q,95
XBT7MG,87
D9NVMI,6
1815HU,14
RNGLJF,66
TUHFAO,25
S078E9,48
1CUGHR,45
1BYN4C,36
9ZS86F,30
7Q6CAP,44
V546H5,86
RNSX6O,26
MJFG0A,4
JDNDR8,52
F85JST,96
DLSO4X,97
JXO4J9,97
34WM7K,98
5SKBT1,17
2NM0P5,19
E7PJ25,58
NRAZMG,29
89E1YS,26
F6HWWK,50
F8YS24,46
J9EOG2,71
M6H5H9,28
0GV3UR,82
7CC0P1,65
WAM1AJ,44
7CIJ1K,68
NS849P,18
BIDLBI,64
G0ZV9H,20
7NTDPU,13
ERBWDY,5
UWMBDM,64
N4BMR7,52
49YA6F,37
714SQ5,95
HEOL3K,79
06OVK9,99
HH7S61,53
K7F0EL,34
NM39U5,57
3SNKP3,85
487CV1,68
CPW877,40
YT0OV7,89
GHR1BE,33
3PT3PI,97
Q7AGF9,57
SK11N8,81
OPZRWM,94
G52P9D,97
U9LWXP,94
ZB03E8,98
CSQEN3,50
DBAIYX,3
FIMFPX,58
62F5EH,46
VG1803,84
M4WEEF,78
4IR9F8,52
V6ZOCX,31
SJ2WGE,75
MYFO1X,43
YSVN3J,70
U0A4G6,56
L55FVI,68
7E4YFJ,29
8H3XGO,46
MCRUJR,60
QRKLVL,43
HDFZAG,55
A0YRK0,12
BS0H3N,61
CJ6PCS,72
U7JHOX,23
BF6YNV,31
J6UNB8,7
E78WMR,82
2ILQJM,77
P1KXZZ,22
S5P6FC,80
X1GK6U,25
A8C8JB,27
06KTNK,98
9O4C3C,1
NZDQLB,85
HYIQ8P,98
OMOJFU,93
X1QWDA,50
7WHLSE,49
5QAESM,20
P8TUU0,85
I87CER,85
UJOUPG,44
TIOUO5,2
DTUCL7,19
099ABM,60
RAX61I,62
3LACD5,20
X2TZLH,21
04NHFO,99
ZQ2TUO,37
EWXGUF,76
5ZLDK0,84
LNCOL2,48
NVZ52E,60
EEYINT,6
7I9TYV,96
9NEA2U,16
CAM8IB,76
1NKZCN,99
CCE2F5,93
Y7INLY,69
T6UVRL,12
TZV5IL,72
5D2ED3,51
YWP6GY,75
EGJWL6,27
ZMNKTU,80
VW4KFH,59
DQ7MZJ,35
Y2HKOF,42
FSBT33,38
ZLKWN0,94
G7F8SX,96
O56RBV,64
03YFAZ,52
6F9ADV,57
PE12GP,94
WE828L,16
HSKA57,15
H8ULV5,92
ABDZNC,50
W5LB45,74
KDJTS1,74
MW8SGO,26
W9B3SG,37
Z4Y8E0,46
0ZNT8T,38
H6QOTY,21
JMDPR2,24
ELCCYL,5
IAJH63,15
HZ2Z90,59
9F055X,86
C9Q1JO,28
IJANME,28
QZC98Y,3
QMU4YC,50
XGLYX7,95
O3F251,29
ZHSWGL,93
EW2AW5,79
B5QF2A,34
QAAXQG,91
2YAJHB,51
WDUSR2,48
1U58EA,28
R3P8OM,80
ATIZBV,12
UPTOX8,27
EZDOTU,42
K5HWTZ,34
Z8RNRZ,9
1X31SS,81
PL75ML,98
EOAVNG,9
N3GZX8,32
40HA3M,30
L3GTXB,18
Q1XM2I,88
UUKX5Q,14
0LSDF5,54
PJ13OV,93
V5X81Y,39
WUSKJZ,44
N4W8LV,63
LPA3C6,21
PLR9RF,61
CSIFUC,52
ZWATT1,24
MVIYT3,10
9Y158R,47
J3ZOYF,15
GL919I,16
WELP4D,61
PYOAWP,70
P5ZYCD,21
CWJ8AN,11
RCESI2,84
C2L5E1,29
C5J07Q,59
K0RQDL,45
0B94BW,76
5SQ67Q,14
567QRJ,73
30E1CZ,56
KTB0TU,46
G5J1OO,9
3IVWDP,42
ZCNGS7,74
7AUMHO,75
CPEIML,45
14ARPA,60
P6DOCS,98
0ZEC7V,3
OG7L24,97
ZUAJ38,41
3DRWGV,90
9CFF5D,91
289E14,69
XTIWOC,11
QWNUV5,96
UR7YAM,90
6Y3BUD,41
D9LL2G,26
NWCIUG,43
ZKDHDB,77
NF349L,99
DW4F7M,79
H5RL1L,33
2IROCK,20
3GFNQW,13
U1X5AL,96
2KGLNX,76
6FNQZM,42
NZMZ3C,82
6ORL79,65
E4P799,57
FI4SUG,73
E37LMH,69
GJKANH,87
LIW21I,24
5MYQTF,86
JQXDCI,28
HF4CYK,74
7P62ZE,85
1KORGA,95
Q6LXNC,0
ZGDA24,69
IKS4GP,29
EAG9W9,96
AZ9X66,99
Z8SITY,35
29QM8A,19
JEQM9X,10
QP77NH,35
U1P9V1,98
FEIPWW,80
OMW78P,55
748K4F,74
UR00XS,17
OKXN8Q,87
E62MMQ,87
X7EGIA,47
VEG14D,97
JJ6EY6,25
CW8V74,56
FXJGU5,2
HEDNJG,61
072G29,30
Z0B7LM,32
2WOP09,12
VKYMC2,50
L9TSEX,89
UXMT0W,95
F08U3B,51
D8MT3K,44
GRO1JM,79
W9RRIK,30
PF5P2M,92
3I63J0,42
H9ZB7T,38
Z8SHJS,11
5WUS4M,64
HMYELA,78
14B2BY,52
D8ELXW,55
S1EWBD,48
J8M1DE,96
KXSY87,85
872FWB,3
QKUU3C,80
SQQ87H,15
ALBKTE,46
9FQM5N,40
KGXRFN,51
93S1JK,64
3HBPH6,6
IR44GJ,38
71UEOU,16
VXHXIB,29
GOZFJT,55
I00H8Z,24
MM2XLI,61
0H9FA2,45
0VNPQK,35
1LIQVS,9
LIDOUE,89
DM7LG0,39
PJMWYB,8
OE866J,71
3XRA23,45
AW6N0Y,72
43K4GQ,41
IDEZ3D,79
8Y7GT3,57
N09466,12
N5GSJJ,41
IUEGVL,95
KSIHIN,92
G3TQ74,83
WRX3NV,39
T6A3AI,0
L4C71Y,62
KN66TM,29
H0KGJU,24
GMF5DD,29
7Z3DEV,83
TOJP5O,45
1955B7,66
VKGTZ5,95
WW91T7,12
MKROM6,75
L8V90S,42
QWI0YJ,54
5CZFED,22
JPAGZ9,63
YDUPAP,31
XMUOCH,38
XZABV1,18
E83J4F,64
52992K,52
XGPBLL,24
8C3X4V,90
XMDZ3H,55
T1MAFQ,60
S3W065,93
CJ9NFX,46
M7YEQZ,68
QRC4UM,54
YK23NA,39
D3RD5Z,74
XCGEGB,23
ZCTR3V,57
LA8371,5
S2DTYM,80
IF1H2J,2
3LTOTU,13
4095NC,86
3HJB5G,20
409V83,77
92609Z,15
TREWBS,25
M835GX,10
4NTYMU,87
996N53,30
KE0MB6,25
9OEAUZ,7
9PFNRX,78
ELMTJQ,28
22F4ON,56
6P9H10,72
LMZESK,78
VZ29IZ,91
AWHWPL,14
0KOV44,38
UNC71U,53
YAFX7I,56
GT366G,68
HC8BE3,79
8000CE,69
8P8P5E,97
7UXXM1,64
ZLR5M3,26
TWT0FX,89
77PH31,2
XVE4SZ,58
F895SJ,38
ZYOX16,4
I0HIB6,77
9FJGBS,56
P67FPO,34
6F8794,58
ZZOCXK,30
X7CPT0,72
VXM5VZ,94
98X6NA,63
FGAEPG,52
HOJNXE,38
0QIE5T,56
VRO997,71
DDIY2C,75
AIWE11,52
UYWEFB,54
IBFNPV,71
QFID3Z,15
3I83YP,14
9BDMUA,53
OLX39T,86
O823YL,34
F3V2NK,65
CVH9WO,6
ZOMANU,2
NQQ48L,64
UAIFL5,48
NWINOU,59
5GRBXW,6
OB9LS8,1
CR9U3N,92
18DPTV,36
25EY3F,47
0RHEM3,69
XKPHVI,81
02BA6D,53
OXE84X,47
2IRA23,74
JTHRAX,55
FNBMM6,41
9HF7OE,9
ZNY84S,13
R929J1,59
U0JR2J,33
X5W7QP,22
ULYG7T,21
1TXCO7,1
7W6R7S,76
GKGRMN,35
WQC216,21
NBZZF8,4
ODWEJS,11
ZN3N74,36
19QS77,63
WOLCPE,97
DNX5OX,24
OFK5VC,1
VTBY6D,51
X26OYD,18
9DW9IM,7
UOKO10,82
4WD09R,99
LUA2QF,90
6HI8BE,1
FS8XXQ,50
KGR0XQ,77
P7ZARI,9
7I4VO3,43
AQFS7X,95
M3PSLY,40
P0BRFZ,2
49C2H4,11
YGH2D7,55
2XBAO2,25
C1ZMEH,57
E5KKH1,3
1XFLS9,79
LSROFB,69
9L8QPR,80
3ZAN49,89
IZ14L2,26
67IHQS,28
GOBYGJ,0
3FZH3E,77
IL0NFC,70
JPTLLZ,24
NHDFAO,92
P9AOXZ,57
8A47OQ,93
UKDZUF,0
OVMSNG,66
9QBCE0,8
HMXV89,22
U8YO8H,94
5Q5R4Z,36
ZEBGL4,30
L5KRPM,29
T0FCX8,74
NLPUCJ,71
1G9MGB,79
Y339CT,35
YQBEPG,34
OXX6Y5,66
QOOUF8,29
PS6A93,97
HQ9E4U,63
O786AH,75
KAID1Q,95
7D70LS,22
J0GZ63,68
KPIS8M,93
H4MQ36,20
3U2O6L,98
JTJWJH,96
3M4FJQ,82
L66CAT,92
6VK2RW,47
WKHSSZ,47
LEG463,53
H13NBV,17
VCLV4A,23
L12GUS,95
SW082L,88
KKF40M,7
CUN303,36
TMCIIB,57
KPROMJ,26
6PFV2U,70
I55AXZ,39
JA6DLN,0
7REVKN,49
IVSHSP,57
XTBSHD,30
2PJ3HT,75
B0XWKG,9
GUJRX4,12
9Y3T9Q,31
O0KU8M,84
CU7A7U,17
7YEZ7G,98
FK2DCA,28
MB6M49,7
Z4QMDB,71
8V6UYC,18
8H0EBP,69
4UIW50,30
4BPD6A,84
TEMC3J,95
UO8MJR,78
TOIK8K,33
6CESOS,48
XPR3IC,94
ICZAWE,57
UAXYQ4,16
GE602N,95
LLR2HU,59
AVK45K,91
KKGL29,94
V1BY3Y,21
EA4OQG,29
XXAOJX,93
TUEEF9,35
YSEAIG,39
TNWDE9,34
HR2UUB,14
QTW5XF,56
54C8IV,14
844CSC,14
3N8HLB,32
LK35BS,17
WG1XWC,61
9IYTPZ,92
PQPZNE,61
1SRL6A,85
B93D1K,73
8KZ9AA,80
K305IP,63
32XKAD,95
6JQY0O,5
LK76A8,23
81WTEJ,75
L0X6YH,39
9R6PK5,72
MQAJHX,26
FQ9E37,62
9X3R86,81
FNBBBQ,8
HKS1KY,35
RJZL1X,45
IYSZQ0,41
HIKVZQ,62
I7N0F7,61
H9DYFO,38
WR0T62,69
16XNNY,12
TDIQ3N,77
FER89R,17
8QI7B5,9
E2KWPS,89
YYAWT8,53
2O3LC8,98
1FWGMD,0
RHBTSU,28
ZXX11G,41
8V68KP,26
LIZ5BG,44
ER1YB5,70
L0RB6G,82
1ZXA3O,99
1462BB,27
T4E8TC,19
HDDMEB,2
P8KR69,5
535WV1,53
UHU20S,30
2AQ8U5,64
ZZZCW1,96
ODT5ZK,34
2M6VMH,45
981N2P,36
099A6F,90
DD2LBJ,65
ZSSOXH,93
64JZK6,87
T5O5QD,38
5E5W1A,27
UVG81C,24
376OUR,11
Q7E3XJ,6
NX0B39,72
HSAFFO,22
2AS8A9,77
LEBPSR,39
99W20Q,69
DJ44XM,36
S2P9QF,98
8VUUA4,67
05SFBF,34
FQ6VK2,32
89ZDCG,90
4P5F6V,87
PT5BIJ,6
ZXFIY0,76
QM0UGN,78
VQFSQ1,90
WPONN0,78
NIQPEN,58
AJG654,25
U7SBXF,37
NAFNV1,91
KMO7R6,93
3CVJDC,85
V3301E,16
KOO21Q,65
5XPMSR,0
H2P9PY,82
P7NZNY,23
MTH6BB,49
Z9VJCR,87
913ZTE,68
FWB63O,50
5ZVK22,70
8KY69V,35
W7XIVW,74
JD1F7G,81
81H0WQ,9
LH9CZX,26
OH82HG,71
3MR07M,12
FV2E5Q,93
Z69FJR,43
MD042C,47
ACH11N,32
4WD16W,6
M3DAMD,92
8O85WV,3
T8LV5C,92
WCZ7SM,18
TBC0RV,34
YID665,65
KA0BT3,3
T9V972,66
W965R4,20
L0V5GQ,11
1SZZ18,14
3CYOZV,52
FTC2K6,27
2VPQ35,6
IRCURE,63
MYXPCM,47
OVPBKI,71
AY6ALN,15
Y6YPYJ,69
R4GM1M,4
KFCQLS,15
SB3F28,50
N682CW,67
4GVYAW,60
5HMYMG,35
ZHK2IC,40
2WARCY,43
O5VMZU,82
366XH5,82
CZ9G00,86
0MI5TH,89
5TNV7X,60
PUVO8K,54
KHM2ZT,98
I9D3JU,35
BJ4A3V,9
CWWIAE,50
1LK02C,97
0L4PE1,46
VUOMMS,32
56LZBP,60
CI49AU,89
QHED2Q,21
61COLW,41
1872YK,43
LDVIHI,5
L52ZM7,1
M56XRH,35
ZB4QPS,39
QI7854,93
MZDZZS,17
CP426O,27
2CTQYR,11
DL5JJK,59
ZQYAX9,47
5JC6ST,7
FDI7TU,71
R5C2Q5,71
194JMD,77
BTDCNL,89
UWBONR,13
U47GD7,41
Z4Q79F,80
GYN0VY,25
WXCZYJ,22
H2W2Q8,23
C0HSW4,70
BT2PGM,71
RINGOX,5
0JPGOF,74
QSXO90,77
HS0I28,67
8RUC9P,77
SEUT54,23
73429Y,85
1SZDTK,3
PVRO7J,51
5D6R0K,31
5KA0HK,1
A8710H,12
4Z5VFM,33
AN369J,44
A1SJMR,34
17KUD0,90
6GCZ52,67
M1Z7I4,60
NMAWV4,52
WNXEXA,67
6Z4YJI,26
MT880E,26
33RYF0,19
JN6ER6,45
RCIVZY,40
7HTIM2,76
OZ7Q5I,75
G8VP33,10
Z6JCCA,68
JVHMUZ,28
5LF09D,35
ACXT1W,50
9URK43,22
3GKQRO,32
WGWOTQ,70
M1KDI9,52
BVRY1B,48
OBU1S4,75
AU3LU2,54
RUCMY5,40
9G97V5,68
S6C3A2,30
JL3BLH,17
PI904X,92
F3PGG6,40
66HP4Q,27
W1TX1O,66
G7KGN1,57
D5YBUT,34
T8YY1P,89
06449O,52
7A13Y0,21
IZKO3F,9
B90HFJ,22
Q2ISVG,81
15JVW9,76
VPM4SG,43
TIBTBQ,42
ZIEP4I,68
5X2TCF,42
BBM2N6,55
N9NDW4,61
EDSB6A,17
WVFG36,22
5ZOXHG,53
NUVCDG,16
7QWXGT,88
CZUBDG,67
WMWLPJ,81
2C1ODU,15
44WV8A,66
5FAU22,8
CBQR02,51
VZEMIK,91
Y1BM06,16
G93S2I,66
JMEHR2,49
H6LSQV,97
2P7FB3,7
IELEL0,45
88STY0,12
70BMH1,67
2TCSN5,44
TUT8KO,82
DWUGMO,92
Z3GTB8,28
ZPH0FN,40
9KXDQ7,4
99JZJP,37
C0L8ZT,12
WG4TGK,66
P5QZLX,13
Q2Q3AK,53
E1XMFZ,82
JXFGZ5,73
QVATO4,22
GNJ2HP,7
58D7U3,82
3A5KFT,99
OM6OTR,73
9JFM7T,67
E9ZIY9,27
M2NWUH,51
LQAT9K,39
5YQ6TJ,37
Z77E2D,11
I28LN9,40
4KEIIC,85
6PS2KV,49
NTINBO,48
QR65XE,64
ZFTVR5,33
XBOGJ3,15
UESGC3,20
TW5H0K,18
05ZDSW,31
JMO1EF,0
3OQU6T,77
WZ4RLA,62
TSPZYL,40
KLCA88,42
6LJDIL,18
ZZM8H0,35
4BK6WK,5
MHQW53,98
MTRSQJ,48
FKXYA3,39
6II0R8,72
VJDRQ5,94
BDZ8DQ,64
7U0KFM,32
LNVUTI,75
K7JEQ9,50
40S81K,91
K4EMJ0,80
K7S2MZ,33
GTKNUJ,90
VY37YI,39
PD21JO,32
MEWYVY,11
P9ECHE,76
2MEWNB,96
HQEI46,48
EY1DAK,43
SA0BBT,19
7069GI,99
KW73R8,70
MGN6B1,37
GPL3AU,28
2IFAAI,0
TWA785,46
JJT3OX,10
8BP6M8,73
QFLAUQ,10
8L5KYU,69
HF9TGD,4
UOF8ME,69
LADWB1,81
7QQ24D,79
KI2Z25,63
T8SAQG,86
M22GPB,55
6JU0WL,57
0YEIRP,92
T8K23F,51
XQ0QZE,97
8SLEGG,22
RU4A9B,72
PGDO5U,18
HJYO29,81
B201Q7,54
DJG8VJ,17
9FPRBX,95
T2J1B9,15
FOZID0,8
KMAJ6U,21
8NZT3E,23
XSQM19,29
U4YIM1,21
4NHBPB,65
21C7A9,98
OW58LF,18
WOERQA,46
RLHI6R,63
O2EVMO,23
N573HQ,21
OHQMPT,53
8KO8DL,49
BRZ8EH,24
AIP58A,59
M52DKK,90
B3QCZL,24
79QJE0,31
372JGQ,11
KLEU6J,26
B0SOVL,1
8GD1C6,24
Y7CJ7N,60
0LDCW3,8
KAE8U1,66
2D3TSG,21
6YH2CO,81
B7IJVP,90
HKEQRE,71
JR8AHP,27
VV1WS1,88
MSQJ5M,66
O79MLY,18
LZV9BA,50
ZGVZB2,83
EOY6L6,31
BGSDFK,44
TTXQQI,8
15MH41,86
UDAV1B,36
CYNWIT,96
NVUX8A,20
3NGNKC,41
511ZIM,98
VCNLV4,30
OEDO9R,11
C7O694,18
3JN3YS,61
IQ9KFC,59
GUF29G,92
EI74B8,18
UP1A94,66
Q0J3UW,4
AVB8ZQ,18
YYK7JW,59
4K9I6J,1
CVD8TL,96
QLVPKJ,23
LVUECQ,30
E8FEVW,90
CE7UIW,33
D9UYRA,78
OKE01E,43
Q3S1W9,60
W98J8M,68
4VR7F4,82
N9YHXE,16
9MVUPO,16
XH9FYK,56
G9Q4Y6,84
F76OV9,50
8TQE4Y,43
SQ6SK5,94
CKTRFT,61
SMRRCB,3
FMDUPP,39
7VCNV2,60
DHAZCA,11
SOXJA3,37
CE5QAO,25
WTZHCH,49
7VX2YB,9
FNRG05,64
KB7F8F,71
T0AX29,79
C27JDW,99
3HSKYI,35
K62H11,8
2NVRCR,83
XGUY35,93
IPJ5X1,46
ZAJ9MS,6
7YB3R7,58
6OR6QI,91
VWIVKI,55
MLCGOW,22
EPG7KZ,30
CQ7B03,1
NARO9K,68
8WK0P5,49
M0RBJ2,70
TZTPFN,45
MBOF7P,52
JIZTV5,14
IYOPRD,47
1RU1GM,37
IDYUSQ,21
OWCLW1,76
CWETHS,11
PG2AFC,22
M27928,67
78Y5HN,18
9T3BNH,49
EHGNNS,92
40V07C,57
8JFZYF,31
PCCBZK,72
7BFXT9,89
AG4QCE,80
0I0YMV,38
D8G2WH,80
UF8BOL,95
W64IZ0,93
7D5GFZ,65
EV4429,66
9KRCT9,65
RI401I,27
GD0PJR,84
SZZ50V,4
O00XUA,69
B20870,45
LSUPM4,13
6LAGAF,93
L6MYDV,74
I97H5Z,95
735MGT,79
GHDTLG,89
NY6J30,61
O5M58F,66
WVPZZ5,9
PN5RJ5,87
DRV4DB,1
6XMD07,97
BLWL1E,34
K55QUY,36
4ZVOTS,56
A5D7TV,61
8U9SZ2,62
Y2ZB1K,74
GB5SM5,16
GDPEWL,91
LTUGPN,96
3TD921,96
KIOQEY,75
TA6CJE,65
9ST49A,76
PMAO19,71
D2XE3X,0
83FFO5,2
9HCEUD,85
A0EPKT,61
QNX633,94
CJVDOU,19
85VMXH,47
I15DPR,52
GWWUDV,6
T04A8Z,80
KH3UVV,19
GXQMGK,52
L6JGDX,42
RMSYMS,48
77OBF4,75
AZ6MCG,37
R4EPW4,53
DODWA0,15
J7CQ0M,87
UBBVS8,78
ZVJNJF,65
7BF4DZ,73
92QAMX,65
P9KMCB,66
MKKL95,64
EH8RW2,40
BBRU0S,89
6OMB2V,69
ZABLDE,69
RU98U7,52
IQ0DZB,53
BNP4TC,20
8SXJT4,89
2XR2AC,44
K6SIM0,41
RP8YQE,71
SU67V4,91
QE0IHI,53
EN09J1,62
Z0ZAKN,55
1X5QH6,87
K7ACM4,75
SPPXRA,0
B25LMW,47
02E3KM,47
QLUUEC,47
3XRQL7,14
IOPJBW,19
EXN79X,29
2LRKAM,55
1FSC74,59
TDAAE0,71
PY4G4G,48
NWSKT7,5
VRUQQ6,82
SU370T,65
QQ7EPU,61
0ENRZL,82
4VNUF9,70
2F3QXS,55
NNCDJR,66
C5DJ50,69
H66HSB,5
CRCA1U,19
P4YYQT,79
0ML7VN,55
5LCUY7,73
8UIQRQ,9
AFHTXO,67
ISENJD,36
LR4LGL,4
ICQ42R,20
DX7XXI,48
FLGKYR,31
E344K8,5
D38C0A,78
IGTWBC,90
OD4TDZ,67
TPE1GZ,56
14ETD2,26
VNC4S9,33
F0T2C9,2
1DTUA4,87
5KRUS0,36
RMSE42,98
ENTBAQ,27
Q5M5UW,2
TGTVZI,4
5ESITI,0
MYNCC1,18
C2TUXX,21
WA7736,84
EJ5AWO,77
MTB60G,62
VJAN4F,92
CJ55XH,82
B1YWA1,78
N2POH3,61
YK2J29,44
YN887M,63
4WMUIF,87
ZKIDI6,41
SSJTH5,42
WJ4I6B,30
WHK0QC,25
IAAUUN,0
51WDAR,98
SS90DW,65
7UL0SB,20
2S4179,24
T891MY,52
Z0F411,82
BI0QVO,16
ORK1K3,74
IVF8UP,21
1JJD7G,97
2N5HCG,1
2EI8H4,40
NTOFXR,62
7VYZXM,18
255LPC,78
HY9PYI,79
MI6I0R,37
19HJX9,33
5FG4LL,56
O00NMP,64
XXG5V6,73
4GQ0VR,1
J2XKFC,32
L1CW42,45
QS7L9V,81
ZVXV5B,18
IBC6YV,81
4HYY6U,32
UXYHXL,6
A22EMN,64
NECSEL,67
J0DQGU,56
YQLDHA,63
PYYPL4,82
M4MO21,46
64PGGB,52
W4WRKU,47
Y4N5LP,95
2PSSN1,36
JR6IWT,0
SLLZU2,34
VRW8G4,43
R5EHY5,51
7R7CVN,62
OLLCIR,96
QTZFXX,21
SK7O94,37
2G4WAQ,32
EHRMBN,1
QDMAMK,48
4US85V,52
XLLKFA,5
G25EGJ,92
TT4E3E,42
J5CYRF,8
JLGO3R,39
GGTNXX,33
64UVDM,4
5HWVE7,32
4RGNSV,69
IYSQWP,31
OP6597,11
J350WF,69
99UFBC,79
7WPAOE,29
4U9T1F,36
KQ47C9,8
ONN9M5,79
FXTXLN,96
G6QCBA,45
BQCH01,90
KX8YM3,85
F1AC4Q,90
7HH4AK,79
LQHCIR,74
VJCBQR,30
8878C4,97
Y5VO2W,6
A7SV06,55
HMIF1U,41
HW22GZ,20
5ACLS3,80
MWPJHE,45
13NLY5,34
GL9JJ3,29
NG1RZB,39
JP6SQR,4
OZFT6X,26
6A2862,97
61NG65,35
GFYYR7,94
NRDO6H,56
YKCS86,96
DY7S8Z,84
NYMN6I,19
8XEC8T,72
MJLVQH,2
6AS65J,85
C0RUR9,32
BGISJN,19
8D9JFE,40
8WTOLB,37
QKLFPS,38
03VYCE,5
1C7V8J,36
Z4BCNR,99
6OL98K,37
5YASLM,97
BQ0EJ2,89
MG095V,41
OGK975,30
GBED3U,43
KZEK3H,13
R5MF7Q,76
Z848G4,17
3Y5AFB,63
1XDN05,75
IREWN3,10
L2WXJA,38
H7I61P,21
D8ML49,45
4HBON6,46
MQQNZ4,22
GRJ1G3,66
HATQ6W,21
RSHW9M,64
YTEZ2D,39
5UAJSE,10
L171Z7,39
XC85YI,22
8QCIFY,89
29H0L4,74
ILQ940,59
E3VYS2,71
FZV5QE,15
NI313Q,98
YJ7HW0,14
ELE97I,77
YZRWOA,78
9SGIHJ,80
A0DNWF,49
W0SY90,89
HGB3V3,77
DFYZ2X,39
JB8CC8,3
45MSWG,10
ANTA5T,72
8ZEQPP,16
6K5NBN,10
WGW8CU,46
T66CIA,86
8S8SOC,4
Y4CI26,46
LGYF75,69
23SG33,49
WW1UI4,86
VTK8Z7,92
MYRJI8,53
Z492DM,85
M60H2L,18
UW0EOT,29
CL1GQD,77
LTS5Y8,87
91HT6K,44
QSHHK9,16
2OUHC0,11
ZMOII4,83
ZIRWCA,68
9IP4KX,74
ZLRAL0,58
JSE0GJ,96
WH3R7R,64
V6X87R,18
SEIGHT,15
TO3MM7,17
9LE2QF,29
ROVKWU,58
6F6CMK,16
0JU1AJ,70
TN38TA,65
DIJBVL,60
2EBT8P,77
BFIDIS,34
H80ZEU,81
EO2ZV2,57
K3UPSH,42
7ZPGGK,72
LTFHLH,61
1UP6BD,3
AYOVJK,30
LAYCHW,90
OXBTD2,67
XFFTWW,64
2B20M8,25
UAE1J5,94
VNX951,17
44QJ3A,63
6KYX3B,84
YJF0KM,8
ZAKQPU,82
OH5XYU,87
Q364G9,96
1AEZVY,34
FVOE01,46
3JT8WA,95
BXKLLY,76
PL7XVU,68
Z2FDRI,91
8WJP4V,50
4MSN46,23
E4E4YR,99
4NRD5M,93
P3V24V,75
83UBDH,4
4327RB,30
6OSYGY,87
D5UXM6,14
6M6GH7,61
F6HP3J,27
QQLVLP,90
1L40FY,56
YBM9D6,11
DTU002,27
XFTZ7S,22
EJZ42U,51
LG92ZF,66
66ZQZ0,70
PTX2DX,15
P7FVUS,98
W7MWPO,80
V0SR4M,52
UNI2GD,18
2S17S8,38
29Q2LF,1
EH5QGK,78
33DBRA,69
9WXQAB,9
CZ0S7M,91
SKHU39,79
4VI0FE,17
SDIKWI,15
WAMR6D,8
TP74Q4,41
9UJK5A,10
IXBW21,82
HNUZAY,43
JG8XJB,90
KXKSMQ,56
AXZ2KW,59
050S12,79
LAK9KY,42
KZMOA7,64
KUYNOL,31
3CDBXH,11
JCADFQ,76
L3PNXG,35
J348XS,1
TTO0WP,91
LK9ZKZ,4
O27CTO,66
PMFRIL,43
55IWBU,75
4M3PIB,79
Y58ZEY,33
C5Q6N7,88
AFSVXQ,27
WAQJ9Y,16
Z66V06,10
ASCI2Z,99
MDA261,38
E1I3OZ,47
U4A83C,99
0S664M,88
F0A5AW,7
AP9657,23
UYC62W,19
5DFTTZ,94
Z62NKX,78
VQ7SAN,6
6VJYGB,32
S3YMRC,13
IO7VFB,89
AVFMSM,82
TQFP9H,32
LLZH8S,26
X6SMKC,49
FOVO1C,80
LUGAA2,66
RMRQ8R,90
P9X4M3,88
ZBXZ8P,99
G1F6SH,79
3S14G3,6
7M1CJF,71
YAT1N1,81
HA6OZP,85
WMEXX8,53
R0MVTZ,36
MEZDAE,89
T2R71Q,47
07697C,56
RXVFSI,92
YNLWZA,95
S6E45S,90
BZJCRR,55
T5A0T1,79
8NW2ZF,65
755RRS,75
I53V6T,48
55BSLB,77
MOX15Z,81
B48Z9Y,45
MGSEYR,90
Z01VKI,94
G9R7AB,88
888VKP,65
3V7X00,67
QEU634,31
8HJ8PO,82
ND25A9,70
SZ0VB5,74
MJNRFZ,85
PLSC51,82
M7E9ND,77
27ISKO,38
LRHEBX,31
BX77SH,19
C8YTWH,58
M5V7QC,77
J01C3V,16
RCWSM7,32
ZDGUKS,29
7JCNM8,55
YES8NZ,66
DPM6W0,55
BY1FNC,46
K5OCT2,46
MKVIRW,85
5B97OR,3
71K9MQ,20
OC5HJW,77
19DD50,21
PU1OLR,97
BMN2HV,12
3WLR06,80
WSCSTH,76
6LM3C4,54
TJESD4,25
7XP5EK,71
MW5DPE,11
60INDF,70
5BZGY9,59
DCGX1U,62
9HYCAJ,38
8U3UT5,49
3Y6KAT,68
PTUVVM,21
AJK4OG,20
J5CO8J,33
231PFT,45
I8DECG,20
6EGOAB,4
LU5F2H,13
MRMP4E,72
CCZZV1,20
XD8ZC2,48
Z370SK,99
R5F30Y,1
N73PMH,29
FV2Q3P,85
8FJMG3,90
CP7PAD,11
9BXA9E,54
KVTB7L,38
0DP643,48
A4HYQI,84
BXCFT8,82
N5WZ4Z,93
Q6WVYH,70
0KE7XU,85
M4HM1B,65
CKHAOO,35
35B5J8,85
96WNX2,39
WMS278,34
EDSZPV,54
TT0M4F,57
AB0EWO,42
XLA7Q7,45
VZZ2P1,22
HXPRR0,40
1JWM2J,47
J5HVHM,35
D8JY15,38
6YXAHT,65
RR0JV6,6
T795JK,9
3SYW8O,77
ZVGXMH,59
GUNE69,34
KU90MR,59
PPRP54,59
N6ERE1,76
893YKC,30
D89391,80
09DJCO,43
GKO12W,13
C22T3I,97
Z6SHAK,90
XEVMFS,72
QOJI1X,56
VF5VJJ,52
CT5UR8,67
2Z8GIY,44
YZGSO3,18
1G0YHV,74
8XR3OO,24
FLLIJ2,38
NUN5E7,31
OBCECM,70
DE6HEV,81
0XFQBA,46
A7ULLD,81
GVMF1T,47
QKLY8N,89
4IARX9,11
KH606F,23
CNFFZD,25
RRG8SJ,1
V14JI5,91
B36FIS,96
R03H5H,29
I2VRT4,60
H2KK7H,8
5MOHPN,1
9694NB,46
VNXZB3,49
GUP3Q2,32
VE76EG,58
CBT63K,16
2DQKWL,38
UAVY7X,46
1NU6C7,3
AF52S9,5
D253BI,57
XJ004Q,70
RZKZF9,98
77EB6R,29
NTDBDP,23
KRDE44,92
JRHLVQ,28
E57XNS,6
XLTFQM,43
FZWYMM,34
4Y5MQY,95
JLR36A,96
CJMF7F,20
EHRUNF,89
DE3G0D,32
F65LE9,67
KF8MQ5,60
NVFE0I,31
LHE6SB,46
62AIQA,95
QSBYO0,83
Q02BLX,53
W86XYP,68
F92YV7,93
UWWDY2,99
3U6B35,91
TMGJY2,0
SYY8LM,82
DBXQ1X,11
257BMR,71
AK833T,43
4HIQ9Z,89
AGU5EY,50
LSNR0J,66
PFUTS7,75
PZAMDK,2
EGS771,44
BET4UT,71
RXFC57,17
TWTE7P,74
YT32JG,93
MB4KUD,51
JSAGSD,18
MO7QZQ,28
RQC4BW,10
0BN5DL,50
AEHYOJ,78
CYIQ67,21
R3FYL7,14
869J5M,88
0JE9Y5,63
L73L0S,23
HZHWDS,96
1DRYAF,28
5AUPHN,45
F1K40X,56
41AX51,97
VA8BWB,21
ZP5W3K,53
B33TDP,62
UVIKBI,6
2TZAA4,80
4D2OMU,23
3HQTBF,48
P6VHN2,77
330BHN,93
9GZDTB,28
EGLCT0,37
627309,51
M7M4DL,58
YP3W07,79
95IPR5,83
G8WRTT,37
08GQFQ,95
HXWPO7,96
NAS7JX,2
9EBCFV,55
99CMAC,0
RYQYNK,75
FHA2OO,17
J46E1D,87
UIY2AJ,23
1D87N9,18
5XMMKW,68
OEPRBZ,0
0N08UX,5
ZZK3QK,99
512TLR,10
L1B4W1,20
Z5Q2WH,13
3KYO72,96
9G9A43,96
C3BM6I,73
VNR3BL,63
XJP3DK,55
RA3RFK,48
C231L8,31
2NAHNH,81
DD7YSS,84
GLF82E,45
C1QXJR,31
WJAPZC,12
EM5WN7,50
OV6BUR,68
2HWGOF,43
576I41,62
MMVOLX,31
4H4606,15
QMKV72,24
9GRHFH,46
J7BQBZ,51
TOV225,90
HXW37F,62
JO9YWE,60
G87BD2,12
C5L2ZH,54
WGP6Y5,78
M3XVSO,87
HO75YK,61
F645U6,53
WIOLYX,6
C6B02K,35
BNHJ54,70
7PUX0T,43
QA7106,19
JYMRMA,23
LUGYPO,62
6BO1X7,15
GAMW5M,25
RNJCN9,85
0VVYHQ,28
2BNGS2,56
2NR7KM,18
0VSIQ6,63
O97HTS,74
XIZY9C,59
4N3OFG,12
B3M7E4,97
LYPJO2,91
UHV2RG,93
P62JJN,1
S0A5NO,16
6SZLBY,59
ZJC0VO,87
5Y8A2E,8
BIDIS7,26
T6VINJ,52
SEE2Y2,72
W4H4VV,92
UUQHH7,44
XAIN88,89
UN9SRW,79
L56WGQ,75
B0R27Z,93
RA9M7K,0
5VMUI5,40
06VIAN,33
AIAQMJ,81
K2R1MU,40
RWBW7E,26
BK6DTG,26
I90MQE,40
ADWS3B,23
88IUBO,14
RT84D3,52
RF3QZ0,37
HGRX2T,95
1RHYYN,1
PT04BE,73
JC5ILE,55
HL3QWG,61
7DDPQG,74
3DOK50,9
I1223I,6
ZHFNHA,79
MVZXR2,15
JD6UH7,96
P6GE5M,50
CB1KR8,23
5Q42D4,66
13VMR6,16
80M21E,42
4RJSMR,97
4Y12D9,1
3RQT2T,1
BVYXK7,92
6YROX4,88
T42STO,38
W52P50,62
M7RIEA,92
0M202X,48
JWHHIH,93
CBWI7X,70
HV8DD2,79
3F9MUW,1
GMAWRL,43
SJCIK8,92
KZIQG8,81
2GTKMN,56
6W1BOX,19
GMZGM1,59
WO02RC,18
C0EHRQ,82
7W99L2,10
6TMGK2,15
Q2HI3O,92
S31KWT,47
B5PS57,60
V1RAQ3,77
L98VZA,22
21LB7F,97
KQZQ0Q,74
WLXHTY,24
HF0KX5,89
C50JSI,70
VC00W5,20
V71Y48,28
BQ1JOC,72
52PQCN,67
QO79YA,46
ZJNYPE,31
4CP4R7,59
Z7PACY,70
FJ22X4,40
CN23NG,12
NOCOOE,16
ZCXW7E,35
K11W2A,63
CZSHVG,25
F716EQ,68
SZ55D7,55
07YGZQ,59
DB4QSW,90
7UO8TX,90
6ESDKR,57
62VUOC,20
NMB8IX,71
EF8SNN,10
HWTUHW,13
JWS91B,90
A2BFF9,19
ZEWIPK,79
ESYRX3,67
1SKDWP,21
IT6UGE,34
